row_id,fips,data_year,white,white__diabetic,white__diabetic__good_control,white__diabetic__poor_control,white__prediabetic,white__a1c,african_american,african_american__diabetic,african_american__diabetic__good_control,african_american__diabetic__poor_control,african_american__prediabetic,african_american__a1c,asian,asian__diabetic,asian__diabetic__good_control,asian__diabetic__poor_control,asian__prediabetic,asian__a1c,hispanic,hispanic__diabetic,hispanic__diabetic__good_control,hispanic__diabetic__poor_control,hispanic__prediabetic,hispanic__a1c,nonhispanic,nonhispanic__diabetic,nonhispanic__diabetic__good_control,nonhispanic__diabetic__poor_control,nonhispanic__prediabetic,nonhispanic__a1c,age_18_29,age_18_29__diabetic,age_18_29__diabetic__good_control,age_18_29__diabetic__poor_control,age_18_29__prediabetic,age_18_29__a1c,age_30_64,age_30_64__diabetic,age_30_64__diabetic__good_control,age_30_64__diabetic__poor_control,age_30_64__prediabetic,age_30_64__a1c,age_65_75,age_65_75__diabetic,age_65_75__diabetic__good_control,age_65_75__diabetic__poor_control,age_65_75__prediabetic,age_65_75__a1c,male,male__diabetic,male__diabetic__good_control,male__diabetic__poor_control,male__prediabetic,male__a1c,female,female__diabetic,female__diabetic__good_control,female__diabetic__poor_control,female__prediabetic,female__a1c,total,total__diabetic,total__diabetic__good_control,total__diabetic__poor_control,total__prediabetic,total__a1c,white__diabetic__rate,african_american__diabetic__rate,asian__diabetic__rate,hispanic__diabetic__rate,age_18_29__diabetic__rate,age_30_64__diabetic__rate,age_65_75__diabetic__rate,male__diabetic__rate,female__diabetic__rate,total__diabetic__rate,total__diabetic__per_sq_mi,age_adjusted__diabetic__rate
490,370630001011,2017,362,36,15,5,8,,230,48,20,7,13,,7,5,3,0,0,,96,14,5,6,8,,602,89,37,13,20,,146,3,0,0,0,,468,69,29,16,21,,76,18,6,0,4,,300,39,16,5,13,,428,66,27,15,15,,728,105,43,20,28,,0.099447514,0.208695652,0.714285714,0.145833333,0.020547945,0.147435897,0.236842105,0.13,0.154205607,0.144230769,145.0653458,0.127932253
491,370630001012,2017,246,32,8,10,7,,809,182,71,56,51,,9,0,0,0,0,,149,18,6,4,8,,1058,216,80,65,59,,277,8,0,5,7,,773,161,55,50,50,,118,49,26,10,6,,456,79,27,23,20,,773,158,61,47,47,,1229,237,88,70,67,,0.130081301,0.224969098,0,0.120805369,0.028880866,0.208279431,0.415254237,0.173245614,0.204398448,0.192839707,391.7162204,0.190176525
492,370630001021,2017,485,49,19,10,14,,552,100,46,24,29,,13,0,0,0,0,,322,39,12,14,14,,1036,149,65,34,45,,326,6,0,3,5,,895,142,59,36,41,,103,27,8,9,9,,554,80,29,22,17,,821,109,49,26,42,,1375,189,78,48,59,,0.101030928,0.18115942,0,0.121118012,0.018404908,0.158659218,0.262135922,0.144404332,0.132764921,0.137454545,310.1381588,0.137648023
493,370630001022,2017,569,62,26,12,19,,311,67,28,16,20,,28,6,3,0,0,,153,29,12,12,8,,925,135,56,29,41,,228,9,3,0,5,,698,107,38,33,31,,119,35,22,5,11,,416,60,21,18,15,,683,107,49,23,34,,1099,167,70,41,49,,0.108963093,0.215434084,0.214285714,0.189542484,0.039473684,0.153295129,0.294117647,0.144230769,0.156661786,0.151956324,177.1487304,0.142926981
494,370630002001,2017,261,25,7,6,8,,321,71,32,17,20,,6,0,0,0,0,,74,9,0,5,7,,589,95,39,22,27,,136,0,0,0,0,,441,67,20,25,32,,69,24,13,3,0,,274,48,17,14,11,,401,57,24,14,24,,675,105,41,28,35,,0.095785441,0.221183801,0,0.121621622,0,0.151927438,0.347826087,0.175182482,0.142144638,0.155555556,145.6638182,0.139020505
495,370630002002,2017,203,14,3,0,4,,289,51,22,11,20,,3,0,0,0,0,,125,17,6,9,9,,497,65,26,12,24,,153,5,0,0,4,,415,60,23,18,21,,51,12,6,0,8,,268,36,14,7,15,,366,47,19,14,18,,634,83,33,21,33,,0.068965517,0.176470588,0,0.136,0.032679739,0.144578313,0.235294118,0.134328358,0.128415301,0.130914826,420.9932569,0.128774276
496,370630002003,2017,424,21,11,4,8,,99,15,7,0,9,,10,0,0,0,0,,54,10,0,5,4,,527,35,17,6,17,,124,3,0,0,0,,391,25,11,9,13,,57,7,0,0,6,,241,22,12,3,9,,365,24,8,8,12,,606,46,20,11,21,,0.049528302,0.151515152,0,0.185185185,0.024193548,0.063938619,0.122807018,0.091286307,0.065753425,0.075907591,176.8195175,0.061457954
497,370630003011,2017,226,24,13,3,4,,263,45,19,15,14,,20,3,0,0,0,,100,19,7,4,4,,506,67,31,17,21,,168,0,0,0,4,,393,65,29,18,19,,46,13,4,0,3,,251,29,13,5,12,,376,58,25,16,14,,627,87,38,21,26,,0.10619469,0.171102662,0.15,0.19,0,0.165394402,0.282608696,0.115537849,0.154255319,0.138755981,247.197834,0.140051514
498,370630003012,2017,166,9,0,3,4,,190,49,25,11,10,,6,0,0,0,0,,50,13,0,7,0,,362,56,27,13,13,,100,3,0,0,3,,275,50,18,19,10,,29,9,5,0,0,,180,33,12,10,7,,245,36,17,10,8,,425,69,29,20,15,,0.054216867,0.257894737,0,0.26,0.03,0.181818182,0.310344828,0.183333333,0.146938776,0.162352941,672.0507295,0.161016589
499,370630003013,2017,343,15,11,0,7,,85,17,5,4,6,,25,0,0,0,0,,31,4,0,3,4,,451,33,16,5,12,,142,0,0,0,0,,303,19,8,4,10,,42,13,6,0,4,,233,21,9,4,6,,269,16,7,4,10,,502,37,16,8,16,,0.043731778,0.2,0,0.129032258,0,0.062706271,0.30952381,0.090128755,0.059479554,0.073705179,362.1783819,0.076890277
500,370630003021,2017,421,22,7,3,10,,55,7,4,0,0,,16,0,0,0,0,,18,3,0,0,0,,486,30,11,3,13,,87,0,0,0,0,,371,23,5,6,10,,57,7,4,0,3,,226,18,4,4,5,,303,16,8,0,8,,529,34,12,4,13,,0.052256532,0.127272727,0,0.166666667,0,0.061994609,0.122807018,0.079646018,0.052805281,0.064272212,143.1488311,0.054479496
501,370630003022,2017,374,18,6,5,7,,145,31,8,9,6,,8,0,0,0,0,,84,7,0,4,0,,514,49,14,13,14,,154,0,0,0,0,,408,39,9,15,10,,52,11,7,0,4,,253,27,7,5,5,,375,29,9,12,11,,628,56,16,17,16,,0.048128342,0.213793103,0,0.083333333,0,0.095588235,0.211538462,0.106719368,0.077333333,0.089171975,319.8122275,0.086608963
502,370630003023,2017,680,32,19,4,18,,159,25,11,6,10,,33,0,0,0,0,,112,14,5,4,6,,865,56,28,10,28,,284,4,0,0,3,,603,41,18,10,25,,95,16,9,0,4,,435,32,19,6,15,,592,39,15,8,20,,1027,71,34,14,35,,0.047058824,0.157232704,0,0.125,0.014084507,0.067993367,0.168421053,0.073563218,0.065878378,0.069133398,274.2213902,0.067048208
503,370630004011,2017,494,38,16,8,15,,81,15,8,0,5,,10,0,0,0,0,,55,4,0,4,0,,585,54,25,10,20,,111,0,0,0,0,,427,27,9,9,15,,90,23,13,3,4,,277,27,8,8,9,,388,31,17,6,13,,665,58,25,14,22,,0.076923077,0.185185185,0,0.072727273,0,0.06323185,0.255555556,0.097472924,0.079896907,0.087218045,115.6896161,0.070885035
504,370630004012,2017,573,15,7,0,9,,27,5,0,3,3,,14,0,0,0,0,,12,3,0,3,0,,612,22,9,5,13,,93,0,0,0,0,,445,17,5,6,10,,72,7,4,0,4,,280,13,4,4,8,,366,12,5,4,6,,646,25,9,8,14,,0.02617801,0.185185185,0,0.25,0,0.038202247,0.097222222,0.046428571,0.032786885,0.03869969,87.9051713,0.036104347
505,370630004013,2017,421,22,5,3,7,,33,6,4,0,3,,18,0,0,0,0,,20,4,0,3,0,,476,31,10,4,11,,97,0,0,0,0,,314,23,5,6,7,,73,6,3,0,5,,215,14,0,3,4,,298,21,8,4,9,,513,35,8,7,13,,0.052256532,0.181818182,0,0.2,0,0.073248408,0.082191781,0.065116279,0.070469799,0.068226121,64.69169111,0.056973359
506,370630004021,2017,1273,47,19,11,21,,134,15,5,5,5,,216,3,0,0,0,,110,12,0,6,10,,1593,62,25,14,24,,880,9,0,4,3,,834,38,18,12,27,,91,21,5,3,5,,783,40,16,12,14,,1057,37,11,9,21,,1840,77,27,21,35,,0.03692066,0.111940299,0.013888889,0.109090909,0.010227273,0.045563549,0.230769231,0.051085568,0.03500473,0.041847826,137.8777635,0.058978441
507,370630005001,2017,162,7,0,0,0,,47,12,4,0,0,,74,0,0,0,0,,14,0,0,0,0,,275,21,7,0,0,,204,0,0,0,0,,60,8,4,0,0,,19,8,0,0,0,,123,7,3,0,0,,191,14,4,0,0,,314,21,7,0,0,,0.043209877,0.255319149,0,0,0,0.133333333,0.421052632,0.056910569,0.073298429,0.066878981,60.56273644,0.135619502
508,370630005002,2017,280,12,6,3,7,,99,20,5,7,3,,50,0,0,0,0,,28,0,0,0,0,,426,35,12,11,10,,215,4,0,0,0,,243,26,6,10,9,,20,5,3,0,0,,209,20,5,9,4,,272,17,7,4,8,,481,37,12,13,12,,0.042857143,0.202020202,0,0,0.018604651,0.106995885,0.25,0.09569378,0.0625,0.076923077,203.4936249,0.102899575
509,370630005003,2017,158,6,3,0,3,,381,81,33,19,16,,38,0,0,0,0,,80,6,0,0,10,,573,86,36,20,21,,206,0,0,0,4,,395,66,24,16,23,,51,19,8,4,3,,288,33,14,10,11,,383,60,24,11,20,,671,93,38,21,31,,0.037974684,0.212598425,0,0.075,0,0.167088608,0.37254902,0.114583333,0.156657963,0.138599106,582.0718784,0.151719509
510,370630005004,2017,92,10,4,5,0,,446,90,38,21,25,,18,0,0,0,0,,80,21,9,9,6,,549,99,43,24,27,,150,3,0,0,0,,404,82,35,24,28,,51,20,11,5,4,,271,46,18,11,8,,367,75,34,22,26,,638,121,52,33,34,,0.108695652,0.201793722,0,0.2625,0.02,0.202970297,0.392156863,0.169741697,0.204359673,0.189655172,653.8409789,0.181931268
511,370630006001,2017,785,41,16,7,26,,590,98,47,19,32,,23,4,0,0,0,,172,18,6,7,11,,1396,139,62,28,59,,405,9,4,0,5,,1013,104,40,25,57,,140,33,18,6,9,,657,58,22,13,26,,971,106,49,22,45,,1628,164,71,35,71,,0.052229299,0.166101695,0.173913043,0.104651163,0.022222222,0.10266535,0.235714286,0.088280061,0.109165808,0.100737101,235.107157,0.099278749
512,370630006002,2017,649,30,11,6,18,,338,56,24,17,18,,43,0,0,0,0,,352,45,11,25,24,,1006,85,35,23,37,,337,8,0,4,6,,875,94,29,39,45,,126,15,7,5,7,,598,61,20,21,23,,802,69,26,27,38,,1400,130,46,48,61,,0.046224961,0.165680473,0,0.127840909,0.023738872,0.107428571,0.119047619,0.102006689,0.086034913,0.092857143,193.2255449,0.088998262
513,370630006003,2017,391,15,7,4,13,,53,6,0,0,7,,28,0,0,0,0,,28,3,0,0,0,,469,23,8,6,19,,85,0,0,0,0,,275,10,4,0,9,,89,7,4,0,7,,231,14,6,0,8,,280,13,4,5,13,,511,27,10,5,21,,0.038363171,0.113207547,0,0.107142857,0,0.036363636,0.078651685,0.060606061,0.046428571,0.052837573,18.83735193,0.032733581
514,370630007001,2017,493,23,12,4,9,,239,64,35,14,14,,42,0,0,0,0,,36,4,0,0,0,,768,89,48,19,24,,288,0,0,0,0,,415,49,28,12,19,,103,27,13,6,6,,383,38,20,8,11,,465,55,30,11,14,,848,93,50,19,25,,0.046653144,0.267782427,0,0.111111111,0,0.118072289,0.262135922,0.09921671,0.11827957,0.109669811,256.5312962,0.107079668
515,370630007002,2017,505,20,11,3,18,,136,30,7,7,6,,17,0,0,0,0,,16,0,0,0,0,,654,50,18,10,24,,96,0,0,0,0,,476,31,9,8,20,,84,11,5,0,5,,300,34,12,4,8,,397,21,9,7,18,,697,55,21,11,26,,0.03960396,0.220588235,0,0,0,0.06512605,0.130952381,0.113333333,0.052896725,0.078909613,103.6616472,0.057459669
516,370630007003,2017,340,17,9,0,7,,284,46,24,9,18,,11,0,0,0,0,,8,0,0,0,0,,638,63,33,9,26,,106,0,0,0,0,,408,32,14,7,20,,108,22,15,0,4,,279,27,13,3,9,,381,36,20,6,19,,660,63,33,9,28,,0.05,0.161971831,0,0,0,0.078431373,0.203703704,0.096774194,0.094488189,0.095454545,144.8977924,0.074606393
517,370630009001,2017,43,3,0,0,0,,320,79,32,21,17,,0,0,0,0,0,,153,29,8,13,6,,362,83,33,23,18,,147,4,0,0,0,,312,80,26,32,19,,35,15,9,0,0,,213,56,21,21,9,,308,57,21,15,15,,521,113,42,36,24,,0.069767442,0.246875,,0.189542484,0.027210884,0.256410256,0.428571429,0.262910798,0.185064935,0.216890595,558.6940628,0.222434452
518,370630009002,2017,82,0,0,0,0,,510,111,50,32,27,,4,0,0,0,0,,60,15,4,10,0,,598,115,52,33,27,,171,4,0,0,4,,424,94,37,33,17,,52,23,13,8,6,,306,49,15,21,9,,365,82,42,22,19,,671,131,57,43,28,,0,0.217647059,0,0.25,0.023391813,0.221698113,0.442307692,0.160130719,0.224657534,0.195230999,662.8145369,0.200725653
519,370630010011,2017,94,15,8,0,6,,394,90,42,25,14,,7,0,0,0,0,,135,27,12,11,11,,489,101,46,27,18,,125,4,0,0,3,,424,87,38,32,21,,57,27,12,4,4,,280,51,23,13,15,,355,80,36,25,14,,635,131,59,38,29,,0.159574468,0.228426396,0,0.2,0.032,0.205188679,0.473684211,0.182142857,0.225352113,0.206299213,664.2251992,0.195787291
520,370630010012,2017,116,22,8,6,3,,526,97,41,20,25,,6,0,0,0,0,,165,24,4,12,10,,640,118,50,25,27,,197,6,0,0,4,,542,107,38,30,30,,55,21,10,6,0,,332,59,19,22,3,,489,84,35,16,34,,821,143,54,38,37,,0.189655172,0.184410646,0,0.145454545,0.030456853,0.197416974,0.381818182,0.177710843,0.171779141,0.174177832,603.9058518,0.17960247
521,370630010013,2017,122,24,14,4,4,,683,132,58,28,45,,7,0,0,0,0,,122,33,10,13,9,,808,151,70,31,52,,240,14,3,5,7,,589,129,56,33,50,,73,29,16,3,3,,376,68,31,15,15,,565,119,49,29,46,,941,187,80,44,61,,0.196721311,0.193265007,0,0.270491803,0.058333333,0.21901528,0.397260274,0.180851064,0.210619469,0.198724761,408.4955301,0.201962092
522,370630010021,2017,154,30,13,10,7,,1063,214,83,46,58,,8,0,0,0,0,,551,80,32,35,23,,1200,239,94,53,62,,512,18,6,8,10,,1036,206,76,66,65,,162,64,33,9,10,,710,130,50,36,31,,1068,190,76,52,55,,1778,320,126,88,86,,0.194805195,0.201317027,0,0.145190563,0.03515625,0.198841699,0.395061728,0.183098592,0.177902622,0.179977503,499.0256771,0.183191263
523,370630010022,2017,65,13,3,4,0,,311,73,34,17,13,,4,0,0,0,0,,78,11,3,5,0,,378,88,38,23,16,,93,0,0,0,0,,305,73,28,23,14,,42,15,7,0,3,,194,47,19,12,7,,266,53,23,16,11,,460,100,42,28,18,,0.2,0.234726688,0,0.141025641,0,0.239344262,0.357142857,0.242268041,0.19924812,0.217391304,284.7921489,0.196577678
524,370630010023,2017,61,11,4,4,0,,289,59,23,20,13,,3,0,0,0,0,,168,18,6,5,9,,356,71,28,25,15,,132,4,0,0,0,,352,64,24,24,21,,35,17,7,4,0,,225,41,14,18,7,,307,49,20,12,17,,532,90,34,30,24,,0.180327869,0.204152249,0,0.107142857,0.03030303,0.181818182,0.485714286,0.182222222,0.159609121,0.169172932,693.0242545,0.181705358
525,370630010024,2017,86,11,5,4,0,,313,72,42,12,19,,4,0,0,0,0,,340,64,16,26,16,,385,79,48,13,21,,188,5,0,0,3,,479,115,51,36,32,,46,15,6,0,0,,332,64,30,19,15,,408,81,35,21,22,,740,145,65,40,37,,0.127906977,0.230031949,0,0.188235294,0.026595745,0.240083507,0.326086957,0.192771084,0.198529412,0.195945946,789.817638,0.199695164
526,370630011001,2017,389,43,16,12,10,,1098,208,85,58,77,,12,0,0,0,0,,194,37,12,17,12,,1507,252,103,70,88,,323,12,3,5,6,,1244,215,84,70,84,,109,45,20,10,9,,862,142,48,52,43,,859,147,67,35,57,,1721,289,115,87,100,,0.110539846,0.189435337,0,0.190721649,0.037151703,0.172829582,0.412844037,0.164733179,0.17112922,0.167925625,1047.450788,0.168952803
527,370630011002,2017,127,13,8,0,7,,774,177,68,42,57,,10,0,0,0,0,,116,20,10,5,8,,918,194,77,44,63,,233,4,0,0,4,,646,138,45,39,55,,120,55,32,7,10,,520,84,31,17,30,,522,131,56,32,41,,1042,215,87,49,71,,0.102362205,0.228682171,0,0.172413793,0.017167382,0.213622291,0.458333333,0.161538462,0.250957854,0.206333973,800.8745025,0.195921224
528,370630013011,2017,66,3,0,0,0,,755,142,53,40,48,,5,0,0,0,0,,64,9,0,4,4,,833,146,55,40,53,,220,4,0,0,0,,559,114,41,40,44,,83,22,9,5,8,,392,64,21,24,26,,514,92,36,21,31,,906,156,57,45,57,,0.045454545,0.18807947,0,0.140625,0.018181818,0.203935599,0.265060241,0.163265306,0.178988327,0.17218543,547.4985874,0.167182715
529,370630013031,2017,35,5,0,0,4,,827,153,69,35,47,,4,0,0,0,0,,45,6,0,0,0,,861,158,72,36,51,,296,9,0,5,9,,440,87,33,21,30,,94,29,16,5,8,,361,54,19,16,22,,563,110,54,21,32,,924,164,73,37,54,,0.142857143,0.185006046,0,0.133333333,0.030405405,0.197727273,0.308510638,0.149584488,0.195381883,0.177489177,374.7631159,0.171172411
530,370630013032,2017,23,3,0,0,0,,337,84,36,21,21,,0,0,0,0,0,,10,0,0,0,0,,363,87,36,22,22,,64,0,0,0,0,,220,42,11,16,16,,45,21,10,4,3,,160,35,10,11,6,,218,52,26,11,16,,378,87,36,22,22,,0.130434783,0.24925816,,0,0,0.190909091,0.466666667,0.21875,0.23853211,0.23015873,592.481063,0.1781698
531,370630013041,2017,70,10,4,5,3,,1407,276,119,62,90,,4,3,0,0,0,,192,22,8,13,18,,1466,286,126,64,90,,422,11,0,5,11,,945,184,74,50,79,,189,79,41,17,13,,614,105,39,30,42,,1077,209,96,49,71,,1691,314,135,79,113,,0.142857143,0.196162047,0.75,0.114583333,0.026066351,0.194708995,0.417989418,0.171009772,0.194057567,0.185688941,465.6304094,0.181067286
532,370630014001,2017,9,0,0,0,0,,524,103,37,26,35,,0,0,0,0,0,,17,4,0,0,0,,541,107,38,28,34,,154,3,0,0,5,,337,73,22,23,28,,49,24,12,4,0,,203,42,15,9,14,,361,69,24,20,22,,564,111,39,29,36,,0,0.196564885,,0.235294118,0.019480519,0.216617211,0.489795918,0.206896552,0.191135734,0.196808511,617.6587149,0.202101637
533,370630014002,2017,43,4,0,0,0,,762,169,73,46,45,,0,0,0,0,0,,125,13,6,0,11,,800,173,73,47,47,,260,5,0,0,10,,565,132,55,35,44,,65,34,18,7,0,,364,62,24,16,26,,569,125,56,33,32,,933,187,80,49,58,,0.093023256,0.221784777,,0.104,0.019230769,0.233628319,0.523076923,0.17032967,0.219683656,0.200428725,334.0542509,0.216942544
534,370630015011,2017,48,0,0,0,0,,17,0,0,0,0,,38,0,0,0,0,,10,0,0,0,0,,113,3,0,0,0,,98,0,0,0,0,,27,3,0,0,0,,3,0,0,0,0,,63,0,0,0,0,,66,0,0,0,0,,129,0,0,0,0,,0,0,0,0,0,0.111111111,0,0,0,0,0,0.071765817
535,370630015021,2017,325,20,10,4,11,,596,96,35,23,27,,187,6,3,0,0,,466,50,20,15,23,,1108,125,46,30,44,,695,8,0,0,9,,859,134,46,41,54,,66,23,13,0,5,,700,76,23,23,31,,949,100,43,22,38,,1649,176,66,45,69,,0.061538462,0.161073826,0.032085561,0.107296137,0.011510791,0.155995343,0.348484848,0.108571429,0.105374078,0.106731352,508.662085,0.144448189
536,370630015022,2017,313,12,6,0,0,,53,12,5,3,4,,347,0,0,0,0,,21,0,0,0,0,,689,26,11,5,10,,584,3,0,0,3,,194,13,6,3,7,,26,9,5,0,0,,336,16,7,4,4,,478,11,5,0,7,,814,27,12,4,11,,0.038338658,0.226415094,0,0,0.005136986,0.067010309,0.346153846,0.047619048,0.023012552,0.033169533,400.7988092,0.08519171
537,370630015023,2017,316,16,6,0,3,,232,28,8,5,12,,507,11,7,0,7,,72,8,0,3,0,,1053,60,26,7,23,,812,3,0,0,0,,401,47,22,8,22,,34,10,3,0,0,,542,26,9,6,9,,725,43,19,5,16,,1267,69,28,11,25,,0.050632911,0.120689655,0.021696252,0.111111111,0.003694581,0.117206983,0.294117647,0.04797048,0.059310345,0.054459353,209.6290145,0.111154595
538,370630015024,2017,98,15,7,3,0,,343,70,30,18,15,,53,0,0,0,0,,156,23,7,9,11,,492,87,36,23,19,,229,6,0,3,3,,380,78,29,22,26,,52,25,11,6,0,,280,48,20,11,10,,389,66,23,22,20,,669,114,43,33,30,,0.153061224,0.204081633,0,0.147435897,0.026200873,0.205263158,0.480769231,0.171428571,0.16966581,0.170403587,527.6756272,0.195296589
539,370630015031,2017,4,0,0,0,0,,0,0,0,0,0,,0,0,0,0,0,,0,0,0,0,0,,6,0,0,0,0,,7,0,0,0,0,,0,0,0,0,0,,0,0,0,0,0,,0,0,0,0,0,,6,0,0,0,0,,6,0,0,0,0,,0,,,,0,,,,0,0,0,
540,370630016011,2017,546,74,35,8,25,,132,26,12,3,6,,9,0,0,0,0,,34,5,3,0,4,,682,99,46,11,30,,83,0,0,0,0,,431,49,21,9,22,,144,35,13,0,7,,318,56,25,8,7,,422,52,27,4,29,,740,108,52,12,36,,0.135531136,0.196969697,0,0.147058824,0,0.113689095,0.243055556,0.176100629,0.123222749,0.145945946,17.91903864,0.102005437
541,370630016012,2017,1039,104,42,15,30,,712,157,66,30,42,,37,3,0,0,0,,74,5,4,0,0,,1787,267,109,45,75,,314,3,0,0,4,,1181,154,62,28,54,,291,92,38,14,13,,762,121,39,23,25,,1147,153,75,22,53,,1909,274,114,45,78,,0.100096246,0.220505618,0.081081081,0.067567568,0.00955414,0.130397968,0.316151203,0.158792651,0.133391456,0.143530644,105.8116678,0.123650941
542,370630016013,2017,837,138,59,18,36,,217,41,13,8,14,,4,0,0,0,0,,65,12,4,0,4,,1054,180,73,26,50,,166,5,0,4,3,,626,86,32,18,31,,187,48,21,4,12,,457,89,35,15,22,,687,103,42,13,33,,1144,192,77,28,55,,0.164874552,0.188940092,0,0.184615385,0.030120482,0.137380192,0.256684492,0.194748359,0.14992722,0.167832168,102.4983831,0.12603442
543,370630016031,2017,304,42,18,5,11,,76,15,5,4,0,,4,0,0,0,0,,18,3,0,0,0,,384,57,24,9,13,,51,0,0,0,0,,242,32,14,8,9,,65,14,3,0,4,,163,27,8,5,5,,251,35,17,5,8,,414,62,25,10,13,,0.138157895,0.197368421,0,0.166666667,0,0.132231405,0.215384615,0.165644172,0.139442231,0.149758454,79.94120426,0.110728674
544,370630016032,2017,1152,122,55,11,49,,499,77,35,12,35,,121,16,9,0,11,,76,11,3,4,9,,1782,218,104,24,98,,293,7,0,0,4,,1205,122,57,20,82,,296,80,38,6,14,,785,109,51,13,45,,1124,125,58,15,64,,1909,234,109,28,109,,0.105902778,0.154308617,0.132231405,0.144736842,0.023890785,0.101244813,0.27027027,0.138853503,0.111209964,0.122577266,105.7639659,0.102818454
545,370630016033,2017,645,102,34,15,28,,154,39,15,9,10,,8,3,3,0,0,,53,11,4,4,0,,800,144,50,24,39,,116,0,0,0,4,,472,74,26,14,21,,176,57,19,11,11,,368,80,24,16,14,,507,76,30,12,28,,875,156,54,28,42,,0.158139535,0.253246753,0.375,0.20754717,0,0.156779661,0.323863636,0.217391304,0.149901381,0.178285714,83.46378827,0.139337404
546,370630016034,2017,1021,94,39,14,39,,88,17,9,4,7,,12,0,0,0,0,,20,7,3,0,3,,1110,109,46,18,46,,189,0,0,0,0,,690,57,18,14,28,,211,48,25,5,14,,511,73,29,10,21,,655,47,21,10,29,,1166,120,50,20,50,,0.092066601,0.193181818,0,0.35,0,0.082608696,0.227488152,0.142857143,0.071755725,0.102915952,22.90181329,0.080100682
547,370630016041,2017,1126,141,68,15,40,,140,29,15,3,7,,42,5,5,0,0,,25,5,0,3,0,,1293,174,88,18,49,,171,3,0,3,0,,734,73,38,11,31,,293,63,28,6,19,,549,96,39,13,14,,811,86,51,9,41,,1360,182,90,22,55,,0.125222025,0.207142857,0.119047619,0.2,0.01754386,0.099455041,0.215017065,0.174863388,0.106041924,0.133823529,93.69697649,0.093665354
548,370630016042,2017,1527,144,67,10,66,,203,41,20,6,14,,22,0,0,0,0,,25,0,0,0,0,,1751,186,88,16,78,,262,4,0,0,4,,954,77,31,9,43,,425,74,40,6,31,,791,100,53,6,36,,1033,88,36,11,48,,1824,188,89,17,84,,0.094302554,0.201970443,0,0,0.015267176,0.080712788,0.174117647,0.12642225,0.085188771,0.103070175,67.40120987,0.076213052
549,370630016043,2017,738,102,48,11,22,,277,47,25,3,19,,33,3,0,0,3,,38,4,0,0,0,,1050,153,74,15,44,,165,0,0,0,0,,692,89,40,9,32,,196,51,27,6,12,,474,77,33,8,24,,642,83,45,9,22,,1116,160,78,17,46,,0.138211382,0.16967509,0.090909091,0.105263158,0,0.128612717,0.260204082,0.162447257,0.129283489,0.143369176,32.96478243,0.113660535
550,370630017051,2017,606,73,32,4,21,,285,48,15,11,14,,16,0,0,0,0,,118,15,5,8,12,,888,121,48,14,36,,178,0,0,0,6,,582,72,26,18,27,,149,37,16,3,12,,417,61,28,12,28,,615,78,26,10,20,,1032,139,54,22,48,,0.120462046,0.168421053,0,0.127118644,0,0.12371134,0.248322148,0.146282974,0.126829268,0.134689922,175.573976,0.109097889
551,370630017052,2017,987,117,49,15,36,,231,44,21,8,13,,77,3,0,0,6,,69,8,4,0,6,,1277,167,74,23,53,,263,4,0,0,0,,699,70,29,15,32,,240,55,25,7,10,,563,85,39,16,26,,840,92,41,9,34,,1403,177,80,25,60,,0.118541033,0.19047619,0.038961039,0.115942029,0.015209125,0.100143062,0.229166667,0.150976909,0.10952381,0.126158232,136.6793808,0.095220954
552,370630017053,2017,383,49,26,8,9,,321,59,25,11,19,,28,0,0,0,0,,90,12,4,5,5,,742,112,50,21,30,,196,5,0,0,3,,529,78,29,22,29,,91,33,22,0,0,,337,58,24,15,17,,523,70,32,11,18,,860,128,56,26,35,,0.127937337,0.183800623,0,0.133333333,0.025510204,0.147448015,0.362637363,0.172106825,0.133843212,0.148837209,155.4536013,0.143902833
553,370630017061,2017,1207,75,38,11,37,,319,47,21,14,16,,160,6,3,0,6,,104,10,0,7,7,,1686,126,63,23,59,,603,5,0,0,0,,1059,91,40,26,44,,155,32,19,4,15,,776,72,27,18,24,,1096,66,38,12,42,,1872,138,65,30,66,,0.062137531,0.147335423,0.0375,0.096153846,0.008291874,0.085930123,0.206451613,0.092783505,0.060218978,0.073717949,85.12108635,0.081734225
554,370630017062,2017,718,53,23,7,18,,361,42,17,11,20,,83,7,3,0,5,,91,8,3,4,3,,1155,98,42,18,43,,377,4,0,0,3,,730,69,30,16,34,,131,24,8,5,7,,527,44,16,11,19,,769,66,31,11,29,,1296,110,47,22,48,,0.073816156,0.11634349,0.084337349,0.087912088,0.01061008,0.094520548,0.183206107,0.083491461,0.085825748,0.084876543,163.1606264,0.085098244
555,370630017071,2017,616,72,24,6,32,,86,16,4,5,0,,14,0,0,0,0,,27,3,0,0,3,,716,88,28,11,35,,87,0,0,0,0,,445,38,11,7,23,,146,33,11,3,11,,305,46,15,6,12,,464,47,15,5,26,,769,93,30,11,38,,0.116883117,0.186046512,0,0.111111111,0,0.085393258,0.226027397,0.150819672,0.101293103,0.120936281,136.2839982,0.081727478
556,370630017072,2017,927,104,44,13,32,,103,21,9,5,5,,26,4,0,0,0,,41,3,0,0,0,,1048,131,55,19,38,,184,4,0,0,0,,589,59,24,10,22,,205,46,19,9,11,,451,69,27,14,13,,661,65,29,6,27,,1112,134,56,20,40,,0.11218986,0.203883495,0.153846154,0.073170732,0.02173913,0.100169779,0.224390244,0.152993348,0.098335855,0.120503597,80.81980751,0.096221309
557,370630017073,2017,395,34,18,3,12,,30,6,5,0,0,,20,3,0,0,4,,12,0,0,0,0,,440,42,22,6,15,,69,0,0,0,0,,248,20,11,4,8,,99,16,10,0,6,,197,24,14,0,7,,268,20,9,4,9,,465,44,23,4,16,,0.086075949,0.2,0.15,0,0,0.080645161,0.161616162,0.121827411,0.074626866,0.094623656,141.4714653,0.071088293
558,370630017074,2017,1024,111,50,16,41,,114,23,14,4,12,,30,0,0,0,0,,33,0,0,0,0,,1174,140,67,20,53,,178,0,0,0,3,,742,74,31,12,38,,200,42,23,5,10,,511,76,37,12,17,,719,66,31,9,37,,1230,142,68,21,54,,0.108398438,0.201754386,0,0,0,0.099730458,0.21,0.148727984,0.091794159,0.115447154,67.9671258,0.089103525
559,370630017075,2017,1088,75,44,3,45,,48,8,4,0,0,,54,7,3,0,0,,18,0,0,0,0,,1182,91,52,4,49,,101,0,0,0,0,,457,26,13,3,18,,221,23,20,0,20,,511,54,29,3,28,,733,40,25,0,25,,1244,94,54,3,53,,0.068933824,0.166666667,0.12962963,0,0,0.056892779,0.104072398,0.105675147,0.054570259,0.075562701,58.15431279,0.048981751
560,370630017081,2017,359,69,27,16,18,,2043,423,186,87,107,,47,7,3,0,3,,276,34,11,13,18,,2428,492,210,107,127,,557,17,3,7,14,,1668,297,114,86,104,,359,149,73,19,22,,1047,210,82,53,44,,1715,328,143,69,103,,2762,538,225,122,147,,0.192200557,0.207048458,0.14893617,0.123188406,0.030520646,0.178057554,0.415041783,0.200573066,0.191253644,0.194786387,212.3236907,0.171019349
561,370630017091,2017,42,5,0,0,0,,521,132,54,28,29,,3,3,3,0,0,,94,21,7,12,4,,563,140,59,29,29,,160,8,3,0,4,,398,101,39,35,22,,73,38,15,4,3,,288,67,27,21,12,,380,96,40,20,22,,668,163,67,41,34,,0.119047619,0.253358925,1,0.223404255,0.05,0.253768844,0.520547945,0.232638889,0.252631579,0.244011976,411.6062507,0.236932114
562,370630017092,2017,18,5,0,0,0,,624,146,59,32,40,,0,0,0,0,0,,51,6,0,3,4,,634,150,58,35,39,,166,10,4,3,8,,411,86,31,22,27,,80,38,15,10,8,,275,55,19,14,18,,420,102,42,24,26,,695,157,61,38,44,,0.277777778,0.233974359,,0.117647059,0.060240964,0.209245742,0.475,0.2,0.242857143,0.225899281,442.7181589,0.205242634
563,370630017093,2017,440,70,29,12,17,,1701,360,144,90,109,,19,0,0,0,0,,270,28,12,9,19,,2168,438,178,102,126,,643,15,4,4,26,,1435,286,119,78,96,,238,109,46,25,17,,833,170,68,37,42,,1646,299,123,75,103,,2479,469,191,112,145,,0.159090909,0.211640212,0,0.103703704,0.023328149,0.199303136,0.457983193,0.204081633,0.181652491,0.189189189,189.2592817,0.188088719
564,370630017101,2017,625,79,26,13,25,,750,131,49,26,53,,69,11,9,0,0,,135,17,7,6,9,,1449,226,87,40,80,,317,4,0,0,9,,1019,157,65,37,61,,176,55,20,4,12,,608,99,36,23,26,,1012,149,59,23,65,,1620,248,95,46,91,,0.1264,0.174666667,0.15942029,0.125925926,0.012618297,0.15407262,0.3125,0.162828947,0.147233202,0.15308642,215.1381137,0.139237777
565,370630017102,2017,235,31,13,4,8,,472,61,30,13,21,,12,3,0,0,0,,225,23,8,10,13,,725,98,45,18,30,,300,6,4,0,6,,564,83,37,21,31,,83,28,10,6,4,,377,58,30,15,13,,591,65,24,14,30,,968,123,54,29,43,,0.131914894,0.129237288,0.25,0.102222222,0.02,0.147163121,0.337349398,0.153846154,0.10998308,0.127066116,368.0020052,0.139442469
566,370630017111,2017,283,43,17,7,10,,259,55,17,9,13,,10,0,0,0,0,,130,11,4,3,6,,548,98,34,16,24,,162,3,0,0,0,,408,69,22,16,21,,78,28,14,0,6,,260,46,18,10,6,,429,64,20,9,24,,689,110,38,19,30,,0.151943463,0.212355212,0,0.084615385,0.018518519,0.169117647,0.358974359,0.176923077,0.149184149,0.159651669,123.0602985,0.155814605
567,370630017112,2017,211,25,13,3,8,,460,73,26,23,30,,7,0,0,0,0,,204,21,6,8,18,,671,98,39,26,37,,218,6,0,0,8,,574,97,34,31,40,,68,17,8,0,5,,321,55,21,13,16,,568,68,25,21,39,,889,123,46,34,55,,0.118483412,0.158695652,0,0.102941176,0.027522936,0.168989547,0.25,0.171339564,0.11971831,0.138357705,369.0716138,0.145050374
568,370630017113,2017,281,28,10,7,15,,513,92,39,19,29,,15,0,0,0,0,,134,19,8,6,9,,812,122,49,26,47,,218,3,0,0,6,,622,99,39,28,45,,87,32,11,4,5,,316,49,14,17,13,,646,92,43,15,44,,962,141,57,32,57,,0.099644128,0.179337232,0,0.141791045,0.013761468,0.159163987,0.367816092,0.155063291,0.142414861,0.146569647,450.7370811,0.149299828
569,370630018011,2017,379,58,22,14,13,,678,123,56,22,35,,4,0,0,0,0,,139,19,7,6,6,,1057,180,79,34,49,,253,5,0,3,3,,803,132,57,29,49,,103,43,17,6,3,,491,80,23,21,26,,735,121,64,19,32,,1226,201,87,40,58,,0.153034301,0.181415929,0,0.136690647,0.019762846,0.164383562,0.417475728,0.16293279,0.16462585,0.163947798,111.5603199,0.159928874
570,370630018012,2017,166,22,7,5,6,,193,38,19,6,13,,0,0,0,0,0,,86,9,4,0,4,,349,59,25,11,18,,90,5,3,0,0,,281,44,18,11,19,,47,12,5,0,0,,174,22,6,7,9,,272,47,24,6,14,,446,69,30,13,23,,0.13253012,0.196891192,,0.104651163,0.055555556,0.15658363,0.255319149,0.126436782,0.172794118,0.15470852,182.8109146,0.144293771
571,370630018013,2017,373,62,28,6,11,,1123,215,88,49,93,,8,0,0,0,0,,254,39,19,8,14,,1489,284,113,57,105,,390,10,0,3,8,,1129,214,82,48,89,,179,70,33,13,18,,683,121,44,23,44,,1100,204,90,42,76,,1783,325,134,65,120,,0.166219839,0.191451469,0,0.153543307,0.025641026,0.189548273,0.391061453,0.17715959,0.185454545,0.182277061,80.44888952,0.174467655
572,370630018014,2017,330,59,23,14,10,,325,54,14,16,12,,3,0,0,0,0,,193,21,6,7,11,,652,111,37,29,23,,173,9,0,0,0,,559,90,30,26,31,,75,22,6,5,0,,342,57,22,14,9,,515,76,21,22,25,,857,133,43,36,34,,0.178787879,0.166153846,0,0.10880829,0.052023121,0.161001789,0.293333333,0.166666667,0.147572816,0.155192532,47.2336961,0.15078094
573,370630018015,2017,364,63,26,7,22,,88,17,8,0,4,,0,0,0,0,0,,34,5,3,0,8,,446,82,35,7,25,,75,0,0,0,0,,260,40,16,3,21,,95,25,10,3,8,,215,40,19,4,13,,277,47,19,4,20,,492,87,38,8,33,,0.173076923,0.193181818,,0.147058824,0,0.153846154,0.263157895,0.186046512,0.16967509,0.176829268,7.691384067,0.13030588
574,370630018021,2017,207,42,14,10,8,,812,146,66,32,51,,6,0,0,0,0,,268,45,10,24,14,,1014,191,83,40,58,,297,8,0,0,7,,821,168,56,57,59,,119,41,22,6,4,,496,101,35,32,23,,802,137,58,33,50,,1298,238,93,65,73,,0.202898551,0.179802956,0,0.167910448,0.026936027,0.204628502,0.344537815,0.203629032,0.170822943,0.183359014,165.3391322,0.179044691
575,370630018022,2017,108,20,4,4,7,,587,94,37,29,28,,5,0,0,0,0,,252,40,12,12,22,,686,111,43,31,35,,268,9,5,3,5,,590,115,38,39,46,,66,20,10,0,6,,363,68,20,24,25,,591,84,35,20,33,,954,152,55,44,58,,0.185185185,0.160136286,0,0.158730159,0.03358209,0.194915254,0.303030303,0.187327824,0.14213198,0.15932914,358.5981074,0.169463286
576,370630018023,2017,158,25,11,5,6,,1052,210,90,47,55,,12,0,0,0,0,,149,23,8,7,8,,1208,237,102,54,62,,360,12,0,5,9,,832,165,62,47,50,,122,60,33,8,6,,500,98,38,23,19,,874,163,72,39,51,,1374,261,110,62,70,,0.158227848,0.199619772,0,0.154362416,0.033333333,0.198317308,0.491803279,0.196,0.186498856,0.189956332,269.6965067,0.193794662
577,370630018024,2017,119,23,7,3,4,,276,54,28,11,18,,7,0,0,0,0,,112,11,4,4,8,,397,75,33,15,21,,121,0,0,0,3,,312,56,24,16,20,,60,22,9,4,5,,226,37,15,13,13,,296,51,23,7,16,,522,88,38,20,29,,0.193277311,0.195652174,0,0.098214286,0,0.179487179,0.366666667,0.163716814,0.172297297,0.168582375,112.1353848,0.159036101
578,370630018061,2017,907,143,74,14,56,,77,15,7,4,8,,3,0,0,0,0,,83,7,0,5,6,,982,159,81,18,64,,172,3,0,0,4,,586,79,38,13,44,,206,50,24,9,15,,457,93,39,16,27,,628,73,43,7,43,,1085,166,82,23,70,,0.157662624,0.194805195,0,0.084337349,0.01744186,0.134812287,0.242718447,0.203501094,0.116242038,0.152995392,14.2063454,0.119734879
579,370630018062,2017,623,88,39,13,24,,1477,239,103,53,84,,21,0,0,0,0,,226,25,8,8,14,,2109,330,145,68,107,,451,6,0,3,8,,1663,237,92,65,101,,187,78,43,6,11,,922,164,61,40,35,,1478,196,92,37,87,,2400,360,153,77,122,,0.141252006,0.161814489,0,0.110619469,0.013303769,0.14251353,0.417112299,0.177874187,0.132611637,0.15,87.2334017,0.144232606
580,370630018071,2017,457,71,22,19,12,,781,122,52,25,50,,23,0,0,0,0,,369,58,18,20,27,,1228,193,75,41,60,,361,9,3,3,6,,1048,166,63,47,66,,143,53,18,9,14,,620,103,33,27,27,,1018,149,61,34,61,,1638,252,94,61,88,,0.15536105,0.156209987,0,0.157181572,0.024930748,0.158396947,0.370629371,0.166129032,0.146365422,0.153846154,200.6616746,0.151777168
581,370630018072,2017,553,77,33,10,14,,1255,213,98,40,84,,27,5,3,0,3,,149,26,6,13,8,,1835,299,137,50,102,,394,8,4,3,4,,1336,215,89,46,93,,237,92,44,14,11,,778,153,63,32,36,,1256,181,81,33,75,,2034,334,144,65,111,,0.139240506,0.169721116,0.185185185,0.174496644,0.020304569,0.160928144,0.388185654,0.196658098,0.14410828,0.164208456,235.4007684,0.154381736
582,370630018073,2017,268,49,19,8,11,,1196,212,103,47,84,,21,4,0,0,0,,172,29,14,7,12,,1462,258,122,54,95,,359,9,3,4,6,,1132,201,92,44,85,,146,63,28,11,17,,620,106,48,26,35,,1058,185,89,35,75,,1678,291,137,61,110,,0.182835821,0.177257525,0.19047619,0.168604651,0.025069638,0.177561837,0.431506849,0.170967742,0.174858223,0.173420739,288.1852795,0.171345462
583,370630018081,2017,595,77,35,8,29,,520,95,49,15,37,,36,4,3,0,3,,67,12,0,7,6,,1136,174,85,21,70,,187,3,0,0,3,,823,128,58,26,57,,166,37,19,3,14,,510,99,44,18,33,,739,92,46,11,44,,1249,191,90,29,77,,0.129411765,0.182692308,0.111111111,0.179104478,0.016042781,0.155528554,0.222891566,0.194117647,0.124492558,0.152922338,160.7404321,0.130453492
584,370630018082,2017,1862,177,74,26,56,,1337,183,73,32,91,,182,17,11,0,11,,233,24,14,8,15,,3330,383,164,62,161,,741,9,5,0,7,,2544,269,103,53,141,,324,105,57,14,26,,1486,213,82,47,70,,2273,208,100,25,110,,3759,421,182,72,180,,0.095059076,0.136873598,0.093406593,0.103004292,0.012145749,0.105738994,0.324074074,0.14333782,0.091509019,0.111997872,71.17151978,0.10926837
585,370630018091,2017,738,102,33,28,24,,734,79,26,24,35,,48,4,0,0,4,,155,16,7,6,13,,1483,186,62,52,59,,505,9,3,5,12,,1029,130,47,35,56,,123,40,11,13,4,,661,88,25,27,25,,1069,115,45,31,49,,1730,203,70,58,74,,0.138211382,0.107629428,0.083333333,0.103225806,0.017821782,0.126336249,0.325203252,0.133131619,0.107577175,0.11734104,69.77597332,0.124047361
586,370630018092,2017,884,103,35,17,19,,460,72,34,15,35,,28,3,0,0,0,,90,12,6,4,3,,1345,174,69,33,58,,255,6,0,0,4,,990,124,52,29,47,,160,38,11,6,8,,572,91,31,18,15,,916,100,46,19,47,,1488,191,77,37,62,,0.116515837,0.156521739,0.107142857,0.133333333,0.023529412,0.125252525,0.2375,0.159090909,0.109170306,0.128360215,102.0654095,0.114386775
587,370630019001,2017,1326,191,97,23,73,,74,18,7,3,4,,39,7,5,0,4,,26,4,0,0,0,,1411,216,107,25,82,,95,0,0,0,0,,532,76,31,13,22,,643,104,56,7,42,,631,119,59,16,35,,874,107,52,11,49,,1505,226,111,27,84,,0.144042232,0.243243243,0.179487179,0.153846154,0,0.142857143,0.161741835,0.18858954,0.122425629,0.150166113,24.73514242,0.111285311
588,370630019002,2017,859,93,46,14,28,,125,15,7,3,4,,27,0,0,0,3,,32,5,0,0,0,,985,111,56,17,35,,142,3,0,0,0,,712,62,26,13,24,,161,42,25,4,11,,470,66,27,11,19,,607,51,31,7,19,,1077,117,58,18,38,,0.108265425,0.12,0,0.15625,0.021126761,0.087078652,0.260869565,0.140425532,0.084019769,0.108635097,6.714893403,0.091909643
589,370630020071,2017,875,73,43,6,30,,258,57,26,12,25,,20,0,0,0,3,,37,3,0,0,0,,1141,130,68,18,60,,146,0,0,0,3,,686,61,33,12,31,,236,43,26,0,19,,484,65,34,9,26,,736,71,38,10,36,,1220,136,72,19,62,,0.083428571,0.220930233,0,0.081081081,0,0.088921283,0.18220339,0.134297521,0.096467391,0.11147541,197.9837378,0.078854088
590,370630020072,2017,828,74,39,9,29,,463,90,45,15,29,,38,5,4,0,0,,58,4,0,0,3,,1321,168,85,25,56,,236,4,0,0,0,,842,99,47,17,35,,229,52,31,7,19,,545,77,39,12,23,,885,99,50,14,39,,1430,176,89,26,62,,0.089371981,0.194384449,0.131578947,0.068965517,0.016949153,0.117577197,0.227074236,0.141284404,0.111864407,0.123076923,135.6275787,0.106647127
591,370630020073,2017,221,16,8,0,7,,281,68,36,11,20,,10,3,3,0,0,,17,0,0,0,0,,508,88,46,14,24,,57,0,0,0,0,,326,46,27,8,20,,108,25,14,5,7,,224,41,17,10,8,,327,51,31,4,21,,551,92,48,14,29,,0.07239819,0.241992883,0.3,0,0,0.141104294,0.231481481,0.183035714,0.155963303,0.166969147,255.4335591,0.118352013
592,370630020081,2017,625,34,17,4,16,,13,6,4,0,0,,20,3,3,0,3,,4,0,0,0,0,,653,42,24,3,21,,101,0,0,0,0,,338,19,11,0,9,,166,19,11,0,6,,315,24,15,0,10,,359,19,9,0,11,,674,43,24,0,21,,0.0544,0.461538462,0.15,0,0,0.056213018,0.114457831,0.076190476,0.052924791,0.06379822,50.19815073,0.049763649
593,370630020082,2017,1063,68,43,6,32,,113,16,10,3,8,,35,0,0,0,4,,10,0,0,0,0,,1213,87,54,9,46,,167,0,0,0,0,,759,48,28,7,28,,234,26,18,0,11,,544,50,31,5,9,,726,40,24,4,37,,1270,90,55,9,46,,0.063969897,0.14159292,0,0,0,0.063241107,0.111111111,0.091911765,0.055096419,0.070866142,77.02425433,0.053909585
594,370630020091,2017,43,8,0,3,0,,1017,236,116,40,67,,3,0,0,0,0,,150,19,6,7,14,,1056,239,114,44,68,,245,6,3,0,6,,694,133,51,36,61,,182,75,39,10,12,,482,93,37,20,32,,746,169,87,31,51,,1228,262,124,51,83,,0.186046512,0.232055064,0,0.126666667,0.024489796,0.191642651,0.412087912,0.192946058,0.226541555,0.213355049,199.0770374,0.178020031
595,370630020092,2017,35,0,0,0,0,,603,137,63,22,44,,0,0,0,0,0,,97,16,3,8,0,,628,137,62,23,46,,145,5,0,3,7,,399,73,28,18,32,,117,52,27,9,8,,292,58,29,11,19,,448,97,37,20,31,,740,155,66,31,50,,0,0.227197347,,0.164948454,0.034482759,0.182957393,0.444444444,0.198630137,0.216517857,0.209459459,234.7126466,0.178578018
596,370630020093,2017,48,5,3,0,3,,1064,252,107,52,73,,3,0,0,0,0,,90,12,3,8,5,,1113,254,110,51,75,,233,7,0,0,4,,705,139,45,45,56,,167,76,43,8,12,,489,108,41,28,28,,736,165,74,33,52,,1225,273,115,61,80,,0.104166667,0.236842105,0,0.133333333,0.030042918,0.197163121,0.45508982,0.220858896,0.224184783,0.222857143,303.2248111,0.187954682
597,370630020131,2017,490,53,23,5,18,,392,76,27,13,28,,26,5,5,0,0,,38,8,4,0,0,,902,137,58,17,47,,160,3,0,0,0,,579,79,35,12,38,,185,42,21,5,6,,391,72,28,10,15,,591,75,35,8,34,,982,147,63,18,49,,0.108163265,0.193877551,0.192307692,0.210526316,0.01875,0.136442142,0.227027027,0.184143223,0.126903553,0.149694501,231.4750169,0.11925228
598,370630020132,2017,315,53,30,5,15,,123,19,11,3,9,,13,0,0,0,4,,26,0,0,0,0,,450,74,43,8,27,,65,0,0,0,3,,318,46,27,7,20,,68,21,13,0,4,,207,43,28,3,12,,286,33,17,5,17,,493,76,45,8,29,,0.168253968,0.154471545,0,0,0,0.144654088,0.308823529,0.207729469,0.115384615,0.154158215,132.3848824,0.129737418
599,370630020133,2017,723,76,32,8,26,,216,39,17,6,15,,49,3,0,0,6,,42,6,0,3,5,,999,120,51,14,47,,161,0,0,0,0,,714,79,31,14,40,,144,25,11,0,10,,472,65,25,13,27,,614,62,28,4,25,,1086,127,53,17,52,,0.105117566,0.180555556,0.06122449,0.142857143,0,0.110644258,0.173611111,0.137711864,0.100977199,0.11694291,141.8117333,0.091874651
600,370630020151,2017,492,27,15,0,17,,376,66,20,16,12,,68,5,3,0,8,,351,40,17,12,12,,914,94,34,21,37,,308,5,0,0,5,,885,108,38,28,41,,62,13,6,0,3,,514,62,22,13,18,,787,73,29,20,31,,1301,135,51,33,49,,0.054878049,0.175531915,0.073529412,0.113960114,0.016233766,0.122033898,0.209677419,0.120622568,0.092757306,0.103766334,268.8715442,0.107311222
601,370630020152,2017,396,20,7,6,11,,456,75,28,18,27,,103,6,0,0,4,,219,23,11,6,11,,966,107,39,26,45,,378,9,3,3,7,,746,89,31,28,42,,86,24,12,0,6,,477,54,16,22,14,,775,79,35,12,42,,1252,133,51,34,56,,0.050505051,0.164473684,0.058252427,0.105022831,0.023809524,0.119302949,0.279069767,0.113207547,0.101935484,0.106230032,273.6545811,0.115497346
602,370630020153,2017,469,42,15,0,10,,27,5,3,0,3,,61,3,0,0,0,,9,0,0,0,0,,538,48,20,0,13,,140,4,0,0,3,,95,7,3,0,6,,53,4,0,0,0,,219,25,9,0,7,,369,27,11,0,7,,588,52,20,0,14,,0.089552239,0.185185185,0.049180328,0,0.028571429,0.073684211,0.075471698,0.114155251,0.073170732,0.088435374,109.9039512,0.0632232
603,370630020161,2017,356,27,17,4,11,,666,71,26,16,38,,121,5,3,0,6,,404,51,18,14,28,,1173,103,46,19,59,,604,8,0,0,8,,957,124,53,26,73,,65,21,7,5,6,,619,65,26,15,22,,1031,91,38,18,66,,1650,156,64,33,88,,0.075842697,0.106606607,0.041322314,0.126237624,0.013245033,0.129571578,0.323076923,0.105008078,0.088263822,0.094545455,296.69191,0.124804454
604,370630020162,2017,480,31,12,5,19,,326,42,14,10,23,,84,0,0,0,3,,117,17,7,5,7,,908,76,29,15,47,,352,5,3,0,3,,574,65,24,16,39,,98,20,8,4,10,,365,34,13,7,21,,711,65,26,14,34,,1076,99,39,21,55,,0.064583333,0.128834356,0,0.145299145,0.014204545,0.113240418,0.204081633,0.093150685,0.091420534,0.092007435,160.7534811,0.100493719
605,370630020171,2017,1372,82,48,7,56,,115,20,5,4,8,,95,5,0,0,6,,24,3,3,0,0,,1576,109,57,11,69,,236,4,0,0,4,,1010,43,21,6,45,,284,45,29,4,18,,712,64,37,10,23,,955,52,26,0,50,,1667,116,63,10,73,,0.059766764,0.173913043,0.052631579,0.125,0.016949153,0.042574257,0.158450704,0.08988764,0.054450262,0.069586083,26.52715453,0.050135663
606,370630020172,2017,852,72,41,5,29,,64,10,3,4,7,,57,6,3,0,0,,12,3,0,0,0,,976,87,45,11,37,,151,0,0,0,0,,533,31,12,6,14,,230,42,24,6,14,,429,51,27,7,13,,600,42,20,6,24,,1029,93,47,13,37,,0.084507042,0.15625,0.105263158,0.25,0,0.058161351,0.182608696,0.118881119,0.07,0.090379009,100.9373069,0.059034133
607,370630020173,2017,1455,117,62,6,45,,265,28,12,4,15,,191,15,10,0,9,,70,7,5,0,0,,1930,163,84,12,74,,546,5,0,0,5,,1126,69,37,3,47,,254,46,26,5,15,,827,76,40,4,28,,1288,98,52,8,48,,2115,174,92,12,76,,0.080412371,0.105660377,0.078534031,0.1,0.009157509,0.061278863,0.181102362,0.091898428,0.076086957,0.082269504,73.06834685,0.063036773
608,370630020181,2017,904,58,25,8,27,,79,6,0,0,0,,48,4,4,0,3,,20,4,0,0,0,,1033,69,32,10,28,,135,0,0,0,0,,534,30,15,5,12,,215,22,14,0,17,,453,43,21,6,12,,660,33,14,4,22,,1113,76,35,10,34,,0.064159292,0.075949367,0.083333333,0.2,0,0.056179775,0.102325581,0.094922737,0.05,0.068283917,41.30895783,0.048315865
609,370630020182,2017,912,71,32,9,31,,340,45,18,13,21,,137,9,3,0,6,,71,5,0,0,0,,1375,122,51,23,60,,470,9,6,0,0,,844,71,24,19,38,,174,38,17,5,17,,543,67,24,13,20,,1022,69,32,13,43,,1565,136,56,26,63,,0.077850877,0.132352941,0.065693431,0.070422535,0.019148936,0.084123223,0.218390805,0.123388582,0.067514677,0.086900958,76.46498118,0.08453895
610,370630020183,2017,1215,65,28,0,51,,194,38,16,6,17,,91,12,8,0,9,,22,0,0,0,0,,1489,118,54,8,77,,245,0,0,0,0,,928,55,23,8,50,,283,44,25,0,26,,656,66,32,4,27,,920,57,24,5,51,,1576,123,56,9,78,,0.053497942,0.195876289,0.131868132,0,0,0.059267241,0.155477032,0.100609756,0.061956522,0.078045685,35.90376565,0.056558719
611,370630020191,2017,319,11,6,0,9,,107,10,3,3,3,,30,0,0,0,0,,18,0,0,0,0,,457,24,9,5,15,,150,0,0,0,0,,313,18,6,4,16,,39,5,3,0,0,,196,11,5,0,7,,315,14,4,3,12,,511,25,9,3,19,,0.034482759,0.093457944,0,0,0,0.057507987,0.128205128,0.056122449,0.044444444,0.048923679,12.99545428,0.052216243
612,370630020192,2017,435,21,9,4,12,,37,8,3,0,4,,25,0,0,0,0,,7,0,0,0,0,,496,32,14,6,18,,145,3,0,3,0,,275,15,6,0,12,,90,11,8,0,6,,214,22,11,3,9,,331,12,5,3,11,,545,34,16,6,20,,0.048275862,0.216216216,0,0,0.020689655,0.054545455,0.122222222,0.102803738,0.036253776,0.062385321,7.02740676,0.054493405
613,370630020193,2017,513,38,17,4,29,,32,4,0,0,3,,11,0,0,0,0,,7,0,0,0,0,,544,45,20,4,33,,48,0,0,0,0,,278,18,7,3,11,,178,21,12,0,17,,229,26,16,0,13,,363,23,5,4,22,,592,49,21,4,35,,0.074074074,0.125,0,0,0,0.064748201,0.117977528,0.113537118,0.063360882,0.08277027,35.3602139,0.055690247
614,370630020201,2017,725,30,13,3,32,,152,20,9,3,7,,113,8,3,0,6,,18,0,0,0,0,,985,56,26,6,46,,146,0,0,0,0,,787,41,18,7,40,,101,15,7,0,8,,455,37,15,4,23,,626,29,14,4,28,,1081,66,29,8,51,,0.04137931,0.131578947,0.07079646,0,0,0.052096569,0.148514851,0.081318681,0.046325879,0.061054579,23.49394813,0.051108737
615,370630020202,2017,1610,109,57,6,53,,694,93,41,17,62,,241,28,15,0,14,,53,5,3,0,0,,2547,237,119,24,132,,315,3,0,0,4,,1924,148,74,20,104,,382,79,40,4,24,,1159,140,69,17,52,,1576,107,55,7,88,,2735,247,124,24,140,,0.067701863,0.134005764,0.116182573,0.094339623,0.00952381,0.076923077,0.206806283,0.120793788,0.067893401,0.090310786,67.48665936,0.076249746
616,370630020211,2017,942,61,26,8,30,,357,53,22,8,24,,118,8,7,0,11,,53,5,4,0,0,,1413,122,56,17,63,,385,0,0,0,0,,959,85,39,13,41,,145,30,13,0,20,,552,54,24,6,23,,1005,79,38,12,44,,1557,133,62,18,67,,0.064755839,0.148459384,0.06779661,0.094339623,0,0.088633994,0.206896552,0.097826087,0.078606965,0.085420681,68.55265681,0.081571551
617,370630020212,2017,237,25,12,4,16,,359,49,15,13,18,,54,5,5,0,5,,44,5,3,0,0,,655,76,29,17,38,,163,3,0,0,0,,476,59,22,13,33,,69,18,10,3,7,,258,30,15,7,15,,473,56,20,10,27,,731,86,35,17,42,,0.105485232,0.136490251,0.092592593,0.113636364,0.018404908,0.12394958,0.260869565,0.11627907,0.118393235,0.117647059,205.4681028,0.115080456
618,370630020221,2017,410,28,14,3,11,,489,63,23,13,28,,63,4,0,0,5,,46,6,0,0,9,,963,94,37,17,43,,303,4,0,0,5,,643,66,21,16,38,,95,24,11,0,8,,396,47,15,10,25,,690,58,25,9,30,,1086,105,40,19,55,,0.068292683,0.128834356,0.063492063,0.130434783,0.01320132,0.102643857,0.252631579,0.118686869,0.084057971,0.096685083,218.3604788,0.099119887
619,370630020222,2017,894,61,30,10,27,,378,62,27,14,23,,70,12,6,3,7,,50,3,0,0,0,,1329,136,62,27,56,,279,3,0,0,5,,864,74,32,21,36,,161,30,15,3,13,,560,56,24,11,23,,903,86,41,16,39,,1463,142,65,27,62,,0.068232662,0.164021164,0.171428571,0.06,0.010752688,0.085648148,0.186335404,0.1,0.095238095,0.097060834,266.7443959,0.079769254
620,370630020231,2017,443,25,16,0,18,,119,13,6,4,5,,12,0,0,0,0,,13,0,0,0,0,,576,40,24,6,23,,132,0,0,0,0,,392,26,15,5,11,,88,10,7,0,9,,235,24,13,5,5,,390,16,11,0,19,,625,40,24,5,24,,0.056433409,0.109243697,0,0,0,0.066326531,0.113636364,0.10212766,0.041025641,0.064,110.6546208,0.056199315
621,370630020232,2017,619,43,27,0,19,,245,35,14,6,16,,35,6,5,0,0,,26,4,0,0,0,,894,85,47,9,37,,211,0,0,0,0,,587,40,19,4,27,,128,32,19,4,8,,399,41,22,0,10,,571,50,27,8,28,,970,91,49,8,38,,0.069466882,0.142857143,0.171428571,0.153846154,0,0.068143101,0.25,0.102756892,0.087565674,0.093814433,169.4456527,0.073404042
622,370630020241,2017,1643,97,48,9,44,,455,72,31,14,33,,222,31,19,4,15,,75,3,0,0,6,,2305,209,105,27,93,,447,7,0,0,5,,1748,143,72,20,73,,250,55,29,6,23,,1010,109,50,17,42,,1516,110,60,10,63,,2526,219,110,27,105,,0.059038344,0.158241758,0.13963964,0.04,0.015659955,0.08180778,0.22,0.107920792,0.072559367,0.086698337,182.8445321,0.082407309
623,370630020242,2017,491,37,22,0,16,,115,10,0,0,7,,17,3,0,0,0,,12,0,0,0,0,,627,50,24,4,25,,122,0,0,0,0,,418,30,14,4,13,,92,13,5,0,8,,218,20,10,0,11,,450,32,16,3,15,,668,52,26,3,26,,0.075356415,0.086956522,0.176470588,0,0,0.071770335,0.141304348,0.091743119,0.071111111,0.077844311,227.2162706,0.062968178
624,370630020243,2017,582,45,24,4,26,,133,27,7,5,7,,31,0,0,0,0,,7,0,0,0,0,,743,74,33,8,35,,97,0,0,0,0,,522,39,16,5,25,,113,27,12,0,6,,296,33,15,3,10,,492,44,19,6,26,,788,77,34,9,36,,0.077319588,0.203007519,0,0,0,0.074712644,0.238938053,0.111486486,0.089430894,0.097715736,285.6992821,0.076346776
625,370630020251,2017,469,31,13,4,9,,557,124,66,23,35,,149,24,18,0,17,,81,11,4,3,6,,1180,181,95,29,61,,252,3,0,0,0,,858,113,53,25,57,,137,53,30,5,6,,539,83,38,16,28,,783,115,65,17,40,,1322,198,103,33,68,,0.066098081,0.222621185,0.161073826,0.135802469,0.011904762,0.131701632,0.386861314,0.153988868,0.146871009,0.149773071,228.8146434,0.133361938
626,370630020252,2017,419,28,8,7,13,,756,139,64,22,39,,35,4,0,0,5,,148,17,5,6,11,,1205,175,78,30,62,,289,6,0,0,8,,915,118,47,28,49,,147,50,28,6,11,,530,92,35,18,18,,885,103,48,19,56,,1415,195,83,37,74,,0.066825776,0.183862434,0.114285714,0.114864865,0.020761246,0.128961749,0.340136054,0.173584906,0.116384181,0.137809187,220.6573067,0.12819402
627,370630020253,2017,326,33,13,5,12,,302,45,15,7,29,,14,4,0,0,0,,43,3,0,0,7,,641,80,28,12,38,,138,0,0,0,3,,485,61,20,14,36,,69,19,9,0,6,,275,35,12,7,17,,447,52,20,7,30,,722,87,32,14,47,,0.101226994,0.149006623,0.285714286,0.069767442,0,0.125773196,0.275362319,0.127272727,0.116331096,0.120498615,134.1627144,0.113608569
628,370630020261,2017,161,8,3,0,5,,890,223,93,46,58,,48,6,5,0,0,,142,25,9,9,9,,1105,235,98,48,64,,284,6,0,0,7,,759,155,58,43,50,,140,64,34,13,10,,466,93,37,26,25,,813,171,72,32,49,,1279,264,109,58,74,,0.049689441,0.250561798,0.125,0.176056338,0.021126761,0.204216074,0.457142857,0.199570815,0.210332103,0.206411259,439.7256405,0.19064243
629,370630020262,2017,362,30,6,8,12,,1374,238,99,47,67,,39,4,0,0,3,,173,20,4,9,11,,1750,263,107,52,81,,624,23,0,7,6,,1093,161,54,45,63,,170,58,34,8,14,,712,114,38,24,30,,1298,179,75,38,63,,2010,293,113,62,93,,0.082872928,0.173216885,0.102564103,0.115606936,0.036858974,0.147301006,0.341176471,0.16011236,0.137904468,0.145771144,177.5377544,0.143969341
630,370630020271,2017,551,72,32,9,19,,446,71,24,14,28,,30,0,0,0,3,,140,19,4,6,11,,1018,145,59,23,50,,271,5,0,0,6,,735,104,36,22,46,,138,37,16,4,8,,493,79,29,12,29,,722,86,34,17,34,,1215,165,63,29,63,,0.130671506,0.159192825,0,0.135714286,0.018450185,0.141496599,0.268115942,0.160243408,0.119113573,0.135802469,59.71382895,0.127276562
631,370630020272,2017,1079,77,36,10,41,,1067,158,78,30,77,,169,20,9,4,18,,101,9,3,5,4,,2319,267,129,45,140,,680,9,0,0,14,,1482,163,70,36,107,,233,66,40,9,19,,874,105,44,23,47,,1677,177,91,28,100,,2551,282,135,51,147,,0.071362373,0.148078725,0.118343195,0.089108911,0.013235294,0.109986505,0.283261803,0.1201373,0.105545617,0.110544884,82.11690291,0.107471487
632,370630020273,2017,192,20,10,4,6,,380,43,18,13,23,,79,4,0,0,0,,41,3,0,0,0,,664,67,29,17,30,,277,5,0,0,0,,434,52,20,15,25,,40,14,8,0,3,,275,28,10,8,10,,483,45,21,11,20,,758,73,31,19,30,,0.104166667,0.113157895,0.050632911,0.073170732,0.018050542,0.119815668,0.35,0.101818182,0.093167702,0.096306069,245.0497764,0.122805078
633,370630020281,2017,712,79,35,7,19,,418,66,28,16,29,,93,11,6,0,4,,70,9,4,0,4,,1223,155,68,25,52,,218,0,0,0,4,,917,116,48,19,43,,165,38,19,5,9,,538,90,41,14,19,,826,81,33,13,40,,1364,171,74,27,59,,0.110955056,0.157894737,0.11827957,0.128571429,0,0.126499455,0.23030303,0.167286245,0.098062954,0.125366569,38.96509972,0.108780316
634,370630020282,2017,374,31,13,4,8,,279,32,14,8,17,,29,0,0,0,0,,36,4,0,3,0,,643,61,26,11,23,,211,4,0,0,5,,422,47,21,11,15,,88,23,9,0,4,,249,28,12,7,8,,493,46,18,7,17,,742,74,30,14,25,,0.082887701,0.114695341,0,0.111111111,0.018957346,0.111374408,0.261363636,0.112449799,0.093306288,0.099730458,196.3644515,0.107147009
635,370630020283,2017,846,59,29,5,18,,610,54,26,11,48,,291,19,11,0,26,,80,4,0,3,8,,1767,136,67,18,101,,607,5,0,0,11,,1232,106,50,19,92,,108,23,11,0,7,,805,75,35,8,44,,1180,72,34,14,68,,1985,147,69,22,112,,0.069739953,0.08852459,0.065292096,0.05,0.008237232,0.086038961,0.212962963,0.093167702,0.061016949,0.074055416,38.78390136,0.082557096
636,370630021001,2017,1327,141,72,15,56,,238,40,20,8,20,,24,5,0,0,0,,22,5,3,0,0,,1573,184,93,22,76,,167,0,0,0,0,,936,82,38,15,44,,394,77,49,5,23,,748,110,51,14,33,,903,85,49,9,47,,1651,195,100,23,80,,0.10625471,0.168067227,0.208333333,0.227272727,0,0.087606838,0.195431472,0.147058824,0.094130676,0.118110236,10.58016406,0.079560241
637,370630021002,2017,1023,133,68,11,41,,219,44,21,10,10,,3,0,0,0,0,,15,0,0,0,0,,1248,178,88,22,50,,179,0,0,0,0,,812,105,47,16,32,,216,57,31,5,15,,528,95,45,10,20,,765,87,44,12,33,,1293,182,89,22,53,,0.130009775,0.200913242,0,0,0,0.129310345,0.263888889,0.179924242,0.11372549,0.140757927,5.330814556,0.114544327
638,370630021003,2017,1015,107,48,13,43,,166,39,13,10,15,,4,0,0,0,0,,18,4,0,3,0,,1172,143,59,21,57,,181,6,0,0,0,,671,65,25,15,35,,242,53,23,4,14,,538,76,34,11,24,,678,75,27,15,34,,1216,151,61,26,58,,0.105418719,0.234939759,0,0.222222222,0.033149171,0.096870343,0.219008264,0.141263941,0.110619469,0.124177632,7.673632042,0.096156479
639,370630022001,2017,859,28,17,3,15,,281,42,17,16,19,,36,0,0,0,0,,72,13,6,3,0,,1158,70,34,19,32,,404,5,0,0,0,,768,53,24,13,27,,98,21,13,5,6,,571,31,13,11,15,,732,53,27,11,21,,1303,84,40,22,36,,0.032596042,0.149466192,0,0.180555556,0.012376238,0.069010417,0.214285714,0.054290718,0.072404372,0.064466616,140.0240337,0.072693054
640,370630023001,2017,104,7,4,0,0,,390,78,30,22,20,,10,0,0,0,0,,29,3,0,0,0,,506,88,35,25,22,,143,5,0,0,3,,328,55,18,20,18,,43,17,10,3,0,,237,36,10,11,6,,308,55,26,15,18,,545,91,36,26,24,,0.067307692,0.2,0,0.103448276,0.034965035,0.167682927,0.395348837,0.151898734,0.178571429,0.166972477,359.7054007,0.163054574
641,370630023002,2017,39,3,0,0,0,,200,46,16,10,11,,4,0,0,0,0,,28,3,0,0,0,,243,49,16,11,13,,86,4,0,0,0,,159,37,11,8,11,,21,5,0,0,3,,109,15,0,4,8,,168,37,16,8,7,,277,52,16,12,15,,0.076923077,0.23,0,0.107142857,0.046511628,0.232704403,0.238095238,0.137614679,0.220238095,0.187725632,229.8787632,0.189295403
