Id2,Estimate; Total:,PerW,PerAA,PerAI,PerAs,PerPI,PerOth,Per2+,Id2,Under 5,5-9,10-14,15-17,18-19,20,21,22-24,24-29,30-34,35-39,40-44,45-49,50-54,55-59,60-61,62-64,65-66,67-69,70-74,75-79,80-84,85+,SexR
371000000000.0,1369,0.533235938641344,0.3418553688823959,0.0,0.0,0.0,0.07742878013148284,0.04747991234477721,371000000000.0,0.056245434623813005,0.04455807158509861,0.042366691015339665,0.07742878013148284,0.013148283418553688,0.0,0.0,0.005113221329437546,0.09495982468955443,0.15924032140248356,0.07304601899196493,0.08254200146092038,0.031409788166544925,0.12052593133674215,0.04747991234477721,0.02337472607742878,0.03360116873630387,0.02410518626734843,0.016800584368151936,0.01241782322863404,0.03287070854638422,0.008765522279035792,0.0,0.6838868388683887
371000000000.0,1705,0.18005865102639296,0.5560117302052786,0.0,0.0,0.0,0.2498533724340176,0.01407624633431085,371000000000.0,0.07917888563049853,0.10029325513196481,0.08504398826979472,0.02404692082111437,0.021700879765395895,0.017008797653958945,0.0,0.02404692082111437,0.03636363636363636,0.12023460410557185,0.04046920821114369,0.08269794721407625,0.08680351906158358,0.05219941348973607,0.06334310850439882,0.025806451612903226,0.031085043988269796,0.008211143695014663,0.0375366568914956,0.03636363636363636,0.012903225806451613,0.002932551319648094,0.011730205278592375,0.9597701149425287
371000000000.0,2900,0.5768965517241379,0.37655172413793103,0.0,0.0058620689655172415,0.0,0.017241379310344827,0.023448275862068966,371000000000.0,0.09241379310344827,0.09517241379310344,0.04896551724137931,0.017586206896551725,0.04758620689655172,0.0,0.009655172413793104,0.05724137931034483,0.08758620689655172,0.12413793103448276,0.07965517241379311,0.06379310344827586,0.0603448275862069,0.06689655172413793,0.04758620689655172,0.04172413793103448,0.008275862068965517,0.007931034482758621,0.014827586206896552,0.012758620689655173,0.0,0.005172413793103448,0.010689655172413793,1.0279720279720281
371000000000.0,1620,0.6407407407407407,0.19197530864197532,0.0006172839506172839,0.040740740740740744,0.0,0.06975308641975309,0.05617283950617284,371000000000.0,0.04938271604938271,0.03148148148148148,0.018518518518518517,0.022839506172839506,0.016666666666666666,0.0049382716049382715,0.007407407407407408,0.04938271604938271,0.06666666666666667,0.15617283950617283,0.04938271604938271,0.05308641975308642,0.07654320987654321,0.11481481481481481,0.022839506172839506,0.025308641975308643,0.017901234567901235,0.01728395061728395,0.02962962962962963,0.027160493827160494,0.03518518518518519,0.02345679012345679,0.08395061728395062,0.9950738916256159
371000000000.0,1320,0.4393939393939394,0.3606060606060606,0.009848484848484848,0.0,0.0,0.18181818181818182,0.008333333333333333,371000000000.0,0.10303030303030303,0.05227272727272727,0.04090909090909091,0.03106060606060606,0.005303030303030303,0.01893939393939394,0.0,0.06212121212121212,0.1484848484848485,0.125,0.11515151515151516,0.038636363636363635,0.025,0.13712121212121212,0.004545454545454545,0.019696969696969695,0.004545454545454545,0.011363636363636364,0.024242424242424242,0.012121212121212121,0.014393939393939395,0.006060606060606061,0.0,0.91027496382055
371000000000.0,1027,0.4936708860759494,0.40311587147030187,0.0,0.0,0.0,0.10126582278481013,0.0019474196689386564,371000000000.0,0.13534566699123662,0.0,0.021421616358325218,0.0019474196689386564,0.010710808179162609,0.0,0.0,0.10613437195715676,0.09542356377799416,0.1460564751703992,0.0691333982473223,0.03213242453748783,0.033106134371957155,0.11976630963972736,0.11197663096397274,0.0,0.019474196689386564,0.034079844206426485,0.013631937682570594,0.023369036027263874,0.02629016553067186,0.0,0.0,1.3995327102803736
371000000000.0,972,0.9567901234567902,0.03806584362139918,0.0,0.0051440329218107,0.0,0.0,0.0,371000000000.0,0.10596707818930041,0.023662551440329218,0.06275720164609054,0.021604938271604937,0.0,0.0,0.0,0.051440329218107,0.102880658436214,0.13065843621399176,0.10905349794238683,0.06275720164609054,0.06378600823045268,0.0823045267489712,0.021604938271604937,0.00823045267489712,0.09362139917695474,0.023662551440329218,0.0,0.018518518518518517,0.0,0.0,0.01748971193415638,1.2293577981651376
371000000000.0,1068,0.4344569288389513,0.5056179775280899,0.0,0.018726591760299626,0.0,0.0149812734082397,0.026217228464419477,371000000000.0,0.08052434456928839,0.0852059925093633,0.04868913857677903,0.011235955056179775,0.008426966292134831,0.0,0.0,0.05711610486891386,0.13670411985018727,0.1647940074906367,0.0149812734082397,0.06835205992509363,0.026217228464419477,0.06741573033707865,0.054307116104868915,0.012172284644194757,0.04868913857677903,0.060861423220973786,0.042134831460674156,0.0,0.012172284644194757,0.0,0.0,0.8936170212765958
371000000000.0,768,0.4934895833333333,0.4322916666666667,0.0,0.033854166666666664,0.0,0.03515625,0.005208333333333333,371000000000.0,0.041666666666666664,0.01171875,0.022135416666666668,0.04296875,0.015625,0.03125,0.0,0.044270833333333336,0.13411458333333334,0.16536458333333334,0.09114583333333333,0.052083333333333336,0.09244791666666667,0.09505208333333333,0.020833333333333332,0.028645833333333332,0.033854166666666664,0.016927083333333332,0.009114583333333334,0.020833333333333332,0.01953125,0.0,0.010416666666666666,0.949238578680203
371000000000.0,782,0.8056265984654731,0.11381074168797954,0.0,0.03964194373401535,0.0,0.04092071611253197,0.0,371000000000.0,0.043478260869565216,0.13427109974424553,0.03580562659846547,0.0,0.0,0.03836317135549872,0.021739130434782608,0.015345268542199489,0.1956521739130435,0.10997442455242967,0.07544757033248081,0.008951406649616368,0.01918158567774936,0.11764705882352941,0.056265984654731455,0.03836317135549872,0.0,0.01278772378516624,0.015345268542199489,0.011508951406649617,0.01278772378516624,0.030690537084398978,0.00639386189258312,1.0687830687830688
371000000000.0,986,0.781947261663286,0.07606490872210954,0.0,0.05476673427991886,0.0,0.0,0.0872210953346856,371000000000.0,0.056795131845841784,0.05172413793103448,0.0821501014198783,0.056795131845841784,0.0,0.0,0.0,0.006085192697768763,0.032454361054766734,0.22718052738336714,0.08519269776876268,0.11663286004056796,0.015212981744421906,0.07302231237322515,0.09939148073022312,0.029411764705882353,0.016227180527383367,0.011156186612576065,0.030425963488843813,0.0,0.0,0.010141987829614604,0.0,0.783001808318264
371000000000.0,929,0.8417653390742734,0.10118406889128095,0.0,0.0,0.0,0.008611410118406888,0.04843918191603875,371000000000.0,0.11840688912809473,0.06458557588805167,0.0861141011840689,0.017222820236813777,0.0,0.0,0.0,0.006458557588805167,0.09041980624327234,0.060279870828848225,0.09257265877287406,0.10010764262648009,0.1108719052744887,0.05597416576964478,0.04413347685683531,0.03336921420882669,0.0193756727664155,0.031216361679224973,0.0,0.03767491926803014,0.0193756727664155,0.0,0.011840688912809472,0.7628083491461101
371000000000.0,1495,0.8053511705685619,0.09163879598662207,0.0,0.05284280936454849,0.0,0.025418060200668897,0.024749163879598662,371000000000.0,0.04147157190635452,0.05953177257525084,0.031438127090301006,0.02140468227424749,0.013377926421404682,0.005351170568561873,0.016722408026755852,0.10903010033444815,0.16321070234113713,0.06555183946488294,0.06555183946488294,0.07959866220735785,0.07759197324414716,0.043478260869565216,0.07090301003344482,0.03745819397993311,0.017391304347826087,0.0,0.023411371237458192,0.02608695652173913,0.008026755852842809,0.013377926421404682,0.010033444816053512,0.7363530778164924
371000000000.0,848,0.9339622641509434,0.045990566037735846,0.0,0.0,0.0,0.0,0.020047169811320754,371000000000.0,0.04245283018867924,0.02122641509433962,0.06839622641509434,0.030660377358490566,0.0,0.0,0.0,0.018867924528301886,0.08726415094339622,0.11910377358490566,0.09787735849056604,0.06839622641509434,0.045990566037735846,0.06367924528301887,0.07783018867924528,0.04834905660377359,0.08254716981132075,0.0,0.01061320754716981,0.04716981132075472,0.024764150943396228,0.01650943396226415,0.02830188679245283,0.8678414096916299
371000000000.0,1144,0.9545454545454546,0.007867132867132868,0.0,0.01048951048951049,0.0,0.0,0.027097902097902096,371000000000.0,0.14160839160839161,0.07080419580419581,0.04108391608391608,0.0,0.0,0.0,0.0,0.02097902097902098,0.09178321678321678,0.11975524475524475,0.056818181818181816,0.10314685314685315,0.06468531468531469,0.01486013986013986,0.06818181818181818,0.019230769230769232,0.03583916083916084,0.033216783216783216,0.03409090909090909,0.030594405594405596,0.016608391608391608,0.024475524475524476,0.012237762237762238,0.9792387543252595
371000000000.0,975,0.8851282051282051,0.04717948717948718,0.0,0.048205128205128206,0.0,0.0,0.019487179487179488,371000000000.0,0.0758974358974359,0.08205128205128205,0.009230769230769232,0.021538461538461538,0.0,0.0,0.0,0.06153846153846154,0.08307692307692308,0.14871794871794872,0.05333333333333334,0.08307692307692308,0.04923076923076923,0.01641025641025641,0.08717948717948718,0.02666666666666667,0.12410256410256411,0.0,0.01641025641025641,0.024615384615384615,0.009230769230769232,0.027692307692307693,0.0,1.215909090909091
371000000000.0,2093,0.8294314381270903,0.04300047778308648,0.0,0.0864787386526517,0.0,0.010033444816053512,0.031055900621118012,371000000000.0,0.018155757286192068,0.035355948399426664,0.03678929765886288,0.0,0.0,0.022933588150979456,0.07644529383659819,0.11944577161968466,0.27998088867654086,0.10176779741997133,0.061156235069278544,0.07310081223124701,0.03678929765886288,0.0033444816053511705,0.030100334448160536,0.018633540372670808,0.031055900621118012,0.005733397037744864,0.011944577161968466,0.009077878643096034,0.01051122790253225,0.005255613951266125,0.012422360248447204,0.9952335557673975
371000000000.0,996,0.5913654618473896,0.23493975903614459,0.004016064257028112,0.14457831325301204,0.0,0.002008032128514056,0.023092369477911646,371000000000.0,0.0,0.0,0.0,0.008032128514056224,0.3092369477911647,0.16164658634538154,0.07730923694779117,0.17369477911646586,0.03112449799196787,0.0,0.0,0.019076305220883535,0.0,0.013052208835341365,0.004016064257028112,0.0,0.01104417670682731,0.0050200803212851405,0.014056224899598393,0.019076305220883535,0.025100401606425703,0.0391566265060241,0.0893574297188755,1.2896551724137932
371000000000.0,529,0.6616257088846881,0.27599243856332706,0.0,0.026465028355387523,0.0,0.0,0.035916824196597356,371000000000.0,0.013232514177693762,0.03780718336483932,0.01890359168241966,0.01890359168241966,0.0,0.0,0.00945179584120983,0.11531190926275993,0.15689981096408318,0.1323251417769376,0.06427221172022685,0.062381852551984876,0.09262759924385633,0.07939508506616257,0.10207939508506617,0.0,0.017013232514177693,0.013232514177693762,0.0,0.054820415879017016,0.011342155009451797,0.0,0.0,1.3303964757709252
371000000000.0,1017,0.22812192723697147,0.5899705014749262,0.0,0.1288102261553589,0.0,0.007866273352999017,0.04523107177974434,371000000000.0,0.028515240904621434,0.08161258603736479,0.046214355948869225,0.01966568338249754,0.051130776794493606,0.0058997050147492625,0.03343166175024582,0.04031465093411996,0.25663716814159293,0.10521140609636184,0.1071779744346116,0.05309734513274336,0.03933136676499508,0.06489675516224189,0.018682399213372666,0.03146509341199607,0.0,0.0,0.007866273352999017,0.0,0.008849557522123894,0.0,0.0,1.348729792147806
371000000000.0,1628,0.33722358722358725,0.6554054054054054,0.0,0.0,0.0,0.0,0.007371007371007371,371000000000.0,0.07555282555282555,0.13206388206388206,0.09643734643734644,0.033783783783783786,0.036855036855036855,0.0,0.0,0.07125307125307126,0.0773955773955774,0.13267813267813267,0.07248157248157248,0.028255528255528257,0.012899262899262898,0.03746928746928747,0.0773955773955774,0.0,0.052825552825552825,0.03194103194103194,0.004914004914004914,0.007371007371007371,0.013513513513513514,0.0,0.004914004914004914,1.037546933667084
371000000000.0,2889,0.5462097611630322,0.3115264797507788,0.0,0.04880581516095535,0.0,0.004499826929733472,0.08895811699550017,371000000000.0,0.11318795430944964,0.05399792315680166,0.03772931810314988,0.0,0.0,0.0024229837313949464,0.006576670128071997,0.05399792315680166,0.0910349601938387,0.17237798546209762,0.09968847352024922,0.04499826929733472,0.058497750086535134,0.060574593284873655,0.07511249567324334,0.018345448251990307,0.01903772931810315,0.014884042921426099,0.003115264797507788,0.025268258913118725,0.02596053997923157,0.01903772931810315,0.004153686396677051,1.210405508798776
371000000000.0,2317,0.63314630988347,0.22140699179974105,0.0,0.044885627967198964,0.0,0.07380233059991369,0.026758739749676307,371000000000.0,0.05653862753560639,0.041864479930945185,0.054380664652567974,0.04574881312041433,0.0,0.0,0.0,0.03970651704790678,0.15839447561501943,0.10358221838584376,0.0586965904186448,0.050496331463098836,0.10142425550280536,0.09667673716012085,0.07078118256365991,0.023737591713422528,0.03754855416486837,0.006042296072507553,0.017263703064307294,0.025032369443245578,0.007768666378938282,0.0043159257660768235,0.0,1.0165361183637946
371000000000.0,528,0.8181818181818182,0.07007575757575757,0.0,0.07765151515151515,0.0,0.0,0.03409090909090909,371000000000.0,0.0,0.011363636363636364,0.10037878787878787,0.011363636363636364,0.07575757575757576,0.0,0.020833333333333332,0.022727272727272728,0.0,0.0,0.0,0.013257575757575758,0.0625,0.19507575757575757,0.07386363636363637,0.054924242424242424,0.23484848484848486,0.06439393939393939,0.041666666666666664,0.017045454545454544,0.0,0.0,0.0,0.7777777777777778
371000000000.0,970,0.7268041237113402,0.21237113402061855,0.0,0.050515463917525774,0.0,0.0,0.010309278350515464,371000000000.0,0.061855670103092786,0.09484536082474226,0.021649484536082474,0.0,0.0,0.0,0.0,0.08556701030927835,0.13917525773195877,0.07010309278350516,0.07731958762886598,0.09072164948453608,0.07731958762886598,0.05463917525773196,0.058762886597938144,0.024742268041237112,0.009278350515463918,0.009278350515463918,0.03608247422680412,0.041237113402061855,0.010309278350515464,0.009278350515463918,0.027835051546391754,1.266355140186916
371000000000.0,1324,0.6880664652567976,0.24848942598187312,0.0,0.00906344410876133,0.0,0.013595166163141994,0.04078549848942598,371000000000.0,0.07175226586102719,0.09290030211480363,0.03323262839879154,0.017371601208459216,0.0,0.0,0.0037764350453172208,0.030966767371601207,0.07250755287009064,0.05740181268882175,0.10574018126888217,0.08308157099697885,0.05362537764350453,0.07401812688821752,0.09063444108761329,0.008308157099697885,0.06646525679758308,0.005287009063444109,0.033987915407854986,0.013595166163141994,0.015105740181268883,0.04154078549848943,0.028700906344410877,1.0
371000000000.0,1451,0.43004824259131635,0.4135079255685734,0.0,0.05099931082012405,0.0,0.08614748449345279,0.019297036526533425,371000000000.0,0.08890420399724328,0.04962095106822881,0.06340454858718125,0.022742935906271536,0.015161957270847692,0.014472777394900068,0.0,0.022742935906271536,0.055823569951757405,0.07305306685044796,0.12749827705031014,0.03170227429359063,0.053756030323914544,0.09924190213645762,0.03308063404548587,0.053756030323914544,0.08132322536181943,0.02343211578221916,0.011026878015161957,0.06822880771881461,0.0,0.0,0.011026878015161957,1.0013793103448276
371000000000.0,1089,0.38292011019283745,0.5022956841138659,0.0,0.0,0.0,0.10284664830119375,0.011937557392102846,371000000000.0,0.06978879706152434,0.08356290174471992,0.025711662075298437,0.02295684113865932,0.02938475665748393,0.0,0.0,0.06336088154269973,0.10927456382001836,0.10835629017447199,0.05968778696051423,0.028466483011937556,0.13957759412304868,0.10927456382001836,0.03856749311294766,0.012855831037649219,0.014692378328741965,0.013774104683195593,0.02662993572084481,0.021120293847566574,0.011019283746556474,0.004591368227731864,0.0073461891643709825,1.388157894736842
371000000000.0,1020,0.19705882352941176,0.7009803921568627,0.0,0.0,0.0,0.07058823529411765,0.03137254901960784,371000000000.0,0.10784313725490197,0.05588235294117647,0.061764705882352944,0.03431372549019608,0.0784313725490196,0.026470588235294117,0.01764705882352941,0.043137254901960784,0.041176470588235294,0.1323529411764706,0.07352941176470588,0.0392156862745098,0.03627450980392157,0.045098039215686274,0.03333333333333333,0.029411764705882353,0.0196078431372549,0.03627450980392157,0.004901960784313725,0.014705882352941176,0.0,0.00784313725490196,0.060784313725490195,0.9883040935672515
371000000000.0,884,0.41855203619909503,0.415158371040724,0.021493212669683258,0.0,0.0,0.11877828054298642,0.026018099547511313,371000000000.0,0.07126696832579185,0.057692307692307696,0.05203619909502263,0.0,0.0,0.0,0.0,0.083710407239819,0.05429864253393665,0.18891402714932126,0.032805429864253395,0.042986425339366516,0.0916289592760181,0.11312217194570136,0.0418552036199095,0.03733031674208145,0.03506787330316742,0.024886877828054297,0.00904977375565611,0.030542986425339366,0.021493212669683258,0.011312217194570135,0.0,0.9134199134199135
371000000000.0,1404,0.10541310541310542,0.6488603988603988,0.008547008547008548,0.0,0.0,0.16809116809116809,0.06908831908831908,371000000000.0,0.08404558404558404,0.037037037037037035,0.06125356125356125,0.08048433048433049,0.03205128205128205,0.03917378917378917,0.007122507122507123,0.04202279202279202,0.022792022792022793,0.03205128205128205,0.05626780626780627,0.10256410256410256,0.04131054131054131,0.09544159544159544,0.07264957264957266,0.06695156695156695,0.029914529914529916,0.02207977207977208,0.0,0.014245014245014245,0.03561253561253561,0.008547008547008548,0.01638176638176638,0.9050203527815469
371000000000.0,1513,0.0806345009914078,0.8625247851949769,0.0,0.0,0.0,0.056179775280898875,0.0006609385327164573,371000000000.0,0.03965631196298744,0.051553205551883675,0.06609385327164574,0.11103767349636484,0.04560475875743556,0.013218770654329148,0.005948446794448116,0.007270323859881031,0.10112359550561797,0.09253139458030403,0.005287508261731659,0.08327825512227363,0.08922670191672175,0.10112359550561797,0.08261731658955718,0.021150033046926635,0.010575016523463317,0.029742233972240583,0.011896893588896233,0.005948446794448116,0.0,0.02511566424322538,0.0,0.6445652173913045
371000000000.0,2525,0.5255445544554456,0.27603960396039606,0.013069306930693069,0.0,0.0,0.16792079207920793,0.017425742574257427,371000000000.0,0.1607920792079208,0.10297029702970296,0.049900990099009904,0.053465346534653464,0.009108910891089108,0.0,0.015049504950495049,0.06772277227722773,0.07603960396039604,0.06772277227722773,0.09504950495049505,0.06613861386138614,0.011485148514851485,0.07881188118811881,0.02574257425742574,0.014653465346534653,0.049900990099009904,0.01900990099009901,0.013465346534653465,0.002376237623762376,0.0039603960396039604,0.016633663366336635,0.0,0.7294520547945206
371000000000.0,1097,0.12488605287146765,0.7629899726526892,0.0,0.0,0.0,0.11212397447584321,0.0,371000000000.0,0.03372835004557885,0.07657247037374658,0.16134913400182316,0.06836827711941659,0.07839562443026436,0.0,0.0,0.0,0.022789425706472195,0.13126709206927986,0.11303555150410209,0.0,0.0,0.054694621695533276,0.11941659070191431,0.0,0.04102096627164995,0.020966271649954422,0.027347310847766638,0.0,0.0,0.011850501367365542,0.03919781221513218,0.6496240601503759
371000000000.0,749,0.2616822429906542,0.6101468624833111,0.0,0.0,0.0,0.11348464619492657,0.014686248331108143,371000000000.0,0.0,0.05874499332443257,0.0,0.0,0.0,0.0,0.0,0.0,0.25634178905206945,0.056074766355140186,0.16555407209612816,0.1295060080106809,0.1068090787716956,0.07476635514018691,0.09479305740987984,0.0,0.0,0.0,0.0,0.05740987983978638,0.0,0.0,0.0,1.2560240963855422
371000000000.0,1752,0.567351598173516,0.2734018264840183,0.025684931506849314,0.059931506849315065,0.0,0.0639269406392694,0.009703196347031963,371000000000.0,0.1141552511415525,0.017123287671232876,0.09874429223744292,0.06278538812785388,0.06278538812785388,0.007420091324200913,0.007990867579908675,0.06335616438356165,0.07191780821917808,0.06050228310502283,0.0502283105022831,0.06107305936073059,0.14554794520547945,0.11815068493150685,0.008561643835616438,0.013127853881278538,0.0,0.0,0.014269406392694063,0.0182648401826484,0.003995433789954338,0.0,0.0,0.9252747252747252
371000000000.0,2116,0.31758034026465026,0.5855387523629489,0.011342155009451797,0.0,0.0,0.08459357277882798,0.000945179584120983,371000000000.0,0.1219281663516068,0.11342155009451796,0.03544423440453686,0.03827977315689981,0.01275992438563327,0.02551984877126654,0.0014177693761814746,0.04962192816635161,0.0893194706994329,0.08034026465028356,0.10113421550094517,0.062381852551984876,0.05954631379962193,0.031190926275992438,0.03780718336483932,0.02551984877126654,0.0335538752362949,0.02835538752362949,0.04064272211720227,0.011814744801512287,0.0,0.0,0.0,0.9849906191369606
371000000000.0,1309,0.2345301757066463,0.6363636363636364,0.0,0.0,0.0,0.12681436210847977,0.002291825821237586,371000000000.0,0.05194805194805195,0.07410236822001529,0.07257448433919023,0.025210084033613446,0.01680672268907563,0.03590527119938885,0.009931245225362872,0.04583651642475172,0.08097784568372804,0.061879297173414824,0.024446142093200916,0.04965622612681436,0.09931245225362872,0.060351413292589765,0.0825057295645531,0.0,0.03361344537815126,0.04048892284186402,0.03437738731856379,0.07792207792207792,0.012223071046600458,0.0,0.009931245225362872,1.3168141592920355
371000000000.0,1384,0.06791907514450866,0.8323699421965318,0.0,0.002167630057803468,0.0,0.07225433526011561,0.025289017341040464,371000000000.0,0.12355491329479769,0.04552023121387283,0.05635838150289017,0.05202312138728324,0.033236994219653176,0.022398843930635837,0.013728323699421965,0.06647398843930635,0.08092485549132948,0.0657514450867052,0.041184971098265896,0.057803468208092484,0.06864161849710983,0.06502890173410404,0.05346820809248555,0.041184971098265896,0.025289017341040464,0.0,0.013728323699421965,0.028179190751445087,0.017341040462427744,0.013728323699421965,0.014450867052023121,0.8602150537634409
371000000000.0,3154,0.09131261889663919,0.8341788205453392,0.0034876347495244133,0.029169308814204185,0.0,0.012365250475586557,0.029486366518706404,371000000000.0,0.01109701965757768,0.013950538998097653,0.023462270133164237,0.05358275206087508,0.3088142041851617,0.12365250475586556,0.09036144578313253,0.09987317691819911,0.051046290424857324,0.023145212428662017,0.011731135066582118,0.016804058338617627,0.028852251109701965,0.04311984781230184,0.009511731135066582,0.007609384908053266,0.017438173747622066,0.0012682308180088776,0.01585288522511097,0.023462270133164237,0.00538998097653773,0.012365250475586557,0.007609384908053266,0.5355404089581305
371000000000.0,492,0.018292682926829267,0.9817073170731707,0.0,0.0,0.0,0.0,0.0,371000000000.0,0.0,0.07317073170731707,0.0,0.0,0.0,0.0,0.014227642276422764,0.042682926829268296,0.17886178861788618,0.018292682926829267,0.11991869918699187,0.03861788617886179,0.11788617886178862,0.12195121951219512,0.11991869918699187,0.018292682926829267,0.012195121951219513,0.01016260162601626,0.012195121951219513,0.028455284552845527,0.028455284552845527,0.0040650406504065045,0.04065040650406504,0.5138461538461538
371000000000.0,3305,0.08169440242057488,0.7288956127080182,0.0,0.0,0.0,0.04780635400907716,0.1416036308623298,371000000000.0,0.08593040847201211,0.09863842662632376,0.09167927382753403,0.060514372163388806,0.0583963691376702,0.0,0.026626323751891074,0.025718608169440244,0.07261724659606657,0.0583963691376702,0.06505295007564296,0.024508320726172466,0.05658093797276853,0.039334341906202726,0.07170953101361574,0.048714069591527985,0.014523449319213313,0.020877458396369137,0.027534039334341905,0.011195158850226929,0.005446293494704993,0.012405446293494705,0.023600605143721635,0.9148319814600232
371000000000.0,438,0.1050228310502283,0.8949771689497716,0.0,0.0,0.0,0.0,0.0,371000000000.0,0.04794520547945205,0.06164383561643835,0.0228310502283105,0.0,0.0,0.0,0.0,0.09360730593607305,0.0867579908675799,0.02511415525114155,0.0410958904109589,0.10730593607305935,0.0684931506849315,0.08904109589041095,0.045662100456621,0.0821917808219178,0.03881278538812785,0.0,0.05707762557077625,0.01598173515981735,0.0,0.01598173515981735,0.1004566210045662,0.6282527881040891
371000000000.0,1937,0.08156943727413526,0.8327310273618999,0.0,0.0,0.0,0.06814661848218895,0.017552916881775942,371000000000.0,0.15436241610738255,0.20753742901393907,0.04284976768198245,0.008776458440887971,0.027878162106350027,0.010325245224574084,0.022715539494062985,0.05110996386164171,0.0986060918946825,0.06298399586990192,0.03304078471863707,0.04078471863706763,0.036654620547238,0.036138358286009295,0.022715539494062985,0.041817243159525036,0.020134228187919462,0.01600413009808983,0.003097573567372225,0.012906556530717605,0.002065049044914817,0.028910686628807435,0.01858544140423335,0.7738095238095238
371000000000.0,2948,0.492876526458616,0.2527137042062415,0.0,0.20454545454545456,0.0030529172320217096,0.021370420624151967,0.025440976933514246,371000000000.0,0.0,0.0,0.0,0.0067842605156037995,0.34972862957937584,0.24762550881953868,0.216078697421981,0.1590909090909091,0.013568521031207599,0.0023744911804613297,0.0013568521031207597,0.0,0.0016960651289009499,0.0,0.0016960651289009499,0.0,0.0,0.0,0.0,0.0,0.0,0.0,0.0,0.9192708333333334
371000000000.0,2861,0.46487242222998953,0.35721775602936034,0.0,0.08668297797972736,0.0,0.03774903879762321,0.05347780496329955,371000000000.0,0.0870325061167424,0.08633344984271234,0.07375043691017127,0.014680181754631249,0.019923103809856693,0.015728766165676335,0.0129325410695561,0.1069556099265991,0.12303390422929046,0.14750087382034255,0.06081789584061517,0.06046836770360014,0.015029709891646278,0.0447396015379238,0.018524991261796575,0.014680181754631249,0.009087731562390773,0.01188395665851101,0.019923103809856693,0.010136315973435861,0.006641034603285564,0.029709891646277527,0.01048584411045089,1.0944363103953147
371000000000.0,806,0.6464019851116626,0.0,0.0,0.3399503722084367,0.0,0.013647642679900745,0.0,371000000000.0,0.0,0.0,0.0,0.0,0.0,0.0,0.05086848635235732,0.3883374689826303,0.303970223325062,0.0967741935483871,0.07320099255583126,0.0,0.08684863523573201,0.0,0.0,0.0,0.0,0.0,0.0,0.0,0.0,0.0,0.0,1.0666666666666667
371000000000.0,1919,0.2146951537258989,0.2688900468994268,0.02709744658676394,0.42417926003126627,0.01771756122980719,0.008858780614903595,0.0385617509119333,371000000000.0,0.030745179781136008,0.030745179781136008,0.053673788431474724,0.0,0.018759770713913496,0.026055237102657634,0.03335070349140177,0.1651902032308494,0.2266805627931214,0.10995310057321521,0.08337675872850443,0.04689942678478374,0.03908285565398645,0.08077123501823867,0.009900990099009901,0.022407503908285567,0.003126628452318916,0.003126628452318916,0.0026055237102657635,0.003126628452318916,0.010422094841063054,0.0,0.0,0.6005004170141784
371000000000.0,455,0.3802197802197802,0.567032967032967,0.05274725274725275,0.0,0.0,0.0,0.0,371000000000.0,0.0,0.11428571428571428,0.0,0.05274725274725275,0.06373626373626373,0.0,0.0,0.14065934065934066,0.0945054945054945,0.0989010989010989,0.0,0.08571428571428572,0.07692307692307693,0.0,0.0,0.0,0.041758241758241756,0.07472527472527472,0.06373626373626373,0.0,0.046153846153846156,0.046153846153846156,0.0,1.420212765957447
371000000000.0,1638,0.43772893772893773,0.28815628815628813,0.005494505494505495,0.2026862026862027,0.0,0.03785103785103785,0.028083028083028084,371000000000.0,0.0,0.0,0.0,0.023809523809523808,0.6312576312576312,0.13614163614163613,0.11172161172161173,0.07814407814407814,0.018925518925518924,0.0,0.0,0.0,0.0,0.0,0.0,0.0,0.0,0.0,0.0,0.0,0.0,0.0,0.0,0.9024390243902438
371000000000.0,1488,0.6626344086021505,0.24059139784946237,0.0,0.016129032258064516,0.0,0.06317204301075269,0.01747311827956989,371000000000.0,0.024193548387096774,0.046370967741935484,0.04233870967741935,0.04233870967741935,0.035618279569892476,0.038978494623655914,0.0,0.04502688172043011,0.016129032258064516,0.033602150537634407,0.025537634408602152,0.15994623655913978,0.06518817204301075,0.018145161290322582,0.10887096774193548,0.02889784946236559,0.05040322580645161,0.014112903225806451,0.01881720430107527,0.04502688172043011,0.036290322580645164,0.06586021505376344,0.038306451612903226,0.9893048128342246
371000000000.0,3309,0.538229072227259,0.3723179208220006,0.0,0.0060441220912662436,0.0,0.046539740102750075,0.036869144756724086,371000000000.0,0.05802357207615594,0.06225445754004231,0.06527651858567543,0.046539740102750075,0.018434572378362043,0.0,0.007252946509519492,0.022967663946811726,0.0942883046237534,0.051979449984889695,0.03868238138410396,0.08794197642792384,0.11997582351163494,0.028709579933514657,0.052886068298579635,0.024478694469628286,0.07041402236325174,0.022665457842248413,0.030825022665457842,0.01934119069205198,0.01813236627379873,0.032638259292837715,0.02629193109700816,0.9637982195845697
371000000000.0,1264,0.8125,0.1875,0.0,0.0,0.0,0.0,0.0,371000000000.0,0.04746835443037975,0.03481012658227848,0.08227848101265822,0.0,0.0,0.0,0.0,0.0,0.02610759493670886,0.05379746835443038,0.05379746835443038,0.06487341772151899,0.12974683544303797,0.03955696202531646,0.125,0.056962025316455694,0.04509493670886076,0.022151898734177215,0.06882911392405064,0.04430379746835443,0.04667721518987342,0.037183544303797465,0.021360759493670885,0.5358444714459295
371000000000.0,596,0.9261744966442953,0.0738255033557047,0.0,0.0,0.0,0.0,0.0,371000000000.0,0.031879194630872486,0.07550335570469799,0.040268456375838924,0.0738255033557047,0.0,0.0,0.030201342281879196,0.04194630872483222,0.0,0.20469798657718122,0.025167785234899327,0.0587248322147651,0.12248322147651007,0.026845637583892617,0.02348993288590604,0.0,0.03355704697986577,0.0,0.013422818791946308,0.0,0.08053691275167785,0.07046979865771812,0.04697986577181208,0.9225806451612903
371000000000.0,3136,0.6157525510204082,0.27040816326530615,0.0,0.06728316326530612,0.0,0.01403061224489796,0.032525510204081634,371000000000.0,0.03443877551020408,0.046875,0.11192602040816327,0.07876275510204081,0.007653061224489796,0.009566326530612245,0.0,0.0,0.08832908163265306,0.03093112244897959,0.06664540816326531,0.08609693877551021,0.10522959183673469,0.052614795918367346,0.04336734693877551,0.05357142857142857,0.05038265306122449,0.014987244897959183,0.03443877551020408,0.002551020408163265,0.025191326530612245,0.02806122448979592,0.028380102040816327,0.7747594793435201
371000000000.0,1250,0.7208,0.1912,0.0,0.0,0.0,0.0104,0.0776,371000000000.0,0.0,0.0808,0.0776,0.0416,0.0,0.0112,0.0112,0.0,0.0728,0.0472,0.0936,0.0536,0.0232,0.1224,0.1136,0.0224,0.0384,0.02,0.012,0.0608,0.056,0.0224,0.0192,1.1853146853146852
371000000000.0,1506,0.9335989375830013,0.05776892430278884,0.0,0.0,0.0,0.0,0.008632138114209827,371000000000.0,0.04780876494023904,0.005312084993359893,0.0703851261620186,0.05179282868525897,0.05245683930942895,0.0073041168658698535,0.0,0.00796812749003984,0.010624169986719787,0.035856573705179286,0.04780876494023904,0.034528552456839307,0.08632138114209828,0.07569721115537849,0.1301460823373174,0.025896414342629483,0.11885790172642763,0.0451527224435591,0.05909694555112882,0.04714475431606906,0.01593625498007968,0.0,0.02390438247011952,1.214705882352941
371000000000.0,1864,0.8599785407725322,0.06545064377682404,0.012875536480686695,0.0075107296137339056,0.0,0.03111587982832618,0.023068669527896997,371000000000.0,0.029506437768240343,0.048283261802575105,0.03862660944206009,0.060085836909871244,0.021995708154506438,0.0101931330472103,0.0,0.0075107296137339056,0.0,0.02145922746781116,0.034334763948497854,0.04774678111587983,0.10354077253218884,0.16791845493562232,0.07296137339055794,0.02467811158798283,0.04560085836909871,0.03111587982832618,0.009656652360515022,0.09120171673819742,0.0740343347639485,0.04721030042918455,0.012339055793991416,0.7518796992481204
371000000000.0,2781,0.8439410284070479,0.11974110032362459,0.0,0.006112909025530385,0.0,0.005034160373966199,0.025170801869830995,371000000000.0,0.05429701546206401,0.06580366774541532,0.06328658755843222,0.021215390147428983,0.02409205321826681,0.006472491909385114,0.0,0.004674577490111471,0.021574973031283712,0.03128371089536138,0.0744336569579288,0.05501618122977346,0.08090614886731391,0.05609492988133765,0.11686443725278677,0.035239122617763394,0.04782452355267889,0.07263574253865517,0.043149946062567425,0.05537576411362819,0.014742898238043868,0.013304566702624955,0.041711614527148506,0.846613545816733
371000000000.0,2019,0.5804853888063398,0.2842991579990094,0.0,0.10351659237246162,0.0,0.0,0.0316988608221892,371000000000.0,0.13273897969291729,0.03516592372461615,0.01634472511144131,0.04408122833085686,0.04358593363051015,0.0064388311045071814,0.0,0.04110946012877662,0.09361069836552749,0.021792966815255076,0.0470529965329371,0.05002476473501734,0.11342248637939574,0.05794947994056464,0.10401188707280833,0.016840019811788013,0.06191183754333829,0.01188707280832095,0.02426944031698861,0.04309063893016345,0.0158494304110946,0.018821198613174838,0.0,0.7168367346938775
371000000000.0,1362,0.6453744493392071,0.3487518355359765,0.0,0.0,0.0,0.0,0.005873715124816446,371000000000.0,0.015418502202643172,0.04405286343612335,0.0763582966226138,0.014684287812041116,0.018355359765051395,0.0,0.0,0.018355359765051395,0.05066079295154185,0.03671071953010279,0.09397944199706314,0.032305433186490456,0.032305433186490456,0.0381791483113069,0.06461086637298091,0.035976505139500736,0.03671071953010279,0.09030837004405286,0.015418502202643172,0.048458149779735685,0.11380323054331865,0.08883994126284875,0.03450807635829662,0.5150166852057841
371000000000.0,2443,0.5869832173557102,0.3479328694228408,0.0,0.06508391322144903,0.0,0.0,0.0,371000000000.0,0.07736389684813753,0.034383954154727794,0.06672124437167418,0.03356528857961523,0.013098649201801064,0.004911993450675399,0.011870650839132215,0.07367990176013099,0.13753581661891118,0.008595988538681949,0.036021285304952924,0.05075726565697913,0.07900122799836266,0.05894392140810479,0.030699959066721245,0.006139991813344249,0.02783462955382726,0.024150634465820713,0.031109291854277528,0.046254604993860006,0.042161277118297175,0.06426524764633647,0.04093327875562833,0.8354620586025544
371000000000.0,1393,0.5104091888011486,0.2541277817659727,0.0,0.0,0.0,0.2347451543431443,0.0007178750897343862,371000000000.0,0.040918880114860015,0.07035175879396985,0.10552763819095477,0.05168700646087581,0.013639626704953339,0.0,0.0,0.004307250538406317,0.0882986360373295,0.12419239052404882,0.09763101220387653,0.09547738693467336,0.09117013639626705,0.0681981335247667,0.07178750897343862,0.0,0.014357501794687724,0.0,0.021536252692031587,0.00933237616654702,0.013639626704953339,0.017946877243359655,0.0,0.5546875
371000000000.0,3250,0.5673846153846154,0.23476923076923076,0.0,0.09692307692307692,0.0,0.05938461538461538,0.04153846153846154,371000000000.0,0.09907692307692308,0.05261538461538461,0.017846153846153845,0.012307692307692308,0.0,0.02123076923076923,0.016,0.07076923076923076,0.20953846153846153,0.08184615384615385,0.10676923076923077,0.025846153846153845,0.04553846153846154,0.056615384615384616,0.06153846153846154,0.016923076923076923,0.020615384615384615,0.029846153846153845,0.008615384615384615,0.025538461538461538,0.007076923076923077,0.00676923076923077,0.007076923076923077,1.1768251841929003
371000000000.0,1704,0.5657276995305164,0.29107981220657275,0.0,0.12910798122065728,0.0,0.0,0.014084507042253521,371000000000.0,0.04812206572769953,0.034624413145539906,0.0,0.06455399061032864,0.0,0.0,0.0005868544600938967,0.06690140845070422,0.15199530516431925,0.12441314553990611,0.04460093896713615,0.0539906103286385,0.020539906103286387,0.09272300469483569,0.034624413145539906,0.08157276995305164,0.04753521126760563,0.041666666666666664,0.02464788732394366,0.02112676056338028,0.008802816901408451,0.025821596244131457,0.011150234741784037,0.6989032901296113
371000000000.0,983,0.7731434384537131,0.0671414038657172,0.0,0.022380467955239063,0.0,0.0,0.1373346897253306,371000000000.0,0.05188199389623601,0.0,0.054933875890132246,0.0,0.06002034587995931,0.003051881993896236,0.038657171922685654,0.04170905391658189,0.07121057985757884,0.0,0.0,0.07121057985757884,0.09766022380467955,0.11190233977619532,0.06307222787385554,0.014242115971515769,0.018311291963377416,0.04679552390640895,0.030518819938962362,0.12919633774160733,0.06307222787385554,0.0,0.03255340793489318,0.6661016949152542
371000000000.0,1857,0.7592891760904685,0.06408185245018848,0.0,0.06946688206785137,0.0,0.010231556273559504,0.09693053311793215,371000000000.0,0.03769520732364028,0.03769520732364028,0.015078082929456112,0.08292945611200861,0.0,0.0,0.0,0.03338718362950996,0.048465266558966075,0.0630048465266559,0.01938610662358643,0.09154550350026926,0.03984921917070544,0.08616047388260635,0.08185245018847603,0.0366182014001077,0.09100700053850296,0.01992460958535272,0.04092622509423802,0.07592891760904685,0.026925148088314487,0.04092622509423802,0.030694668820678513,0.8795546558704453
371000000000.0,402,0.9701492537313433,0.0,0.0,0.029850746268656716,0.0,0.0,0.0,371000000000.0,0.09701492537313433,0.0,0.06467661691542288,0.03233830845771144,0.06467661691542288,0.0,0.0,0.0,0.0,0.08706467661691543,0.0,0.03233830845771144,0.05970149253731343,0.04477611940298507,0.10945273631840796,0.0,0.10696517412935323,0.03731343283582089,0.14427860696517414,0.07960199004975124,0.03980099502487562,0.0,0.0,0.9705882352941175
371000000000.0,1912,0.9602510460251046,0.004707112970711297,0.0,0.028242677824267783,0.0,0.0,0.006799163179916318,371000000000.0,0.09675732217573221,0.05387029288702929,0.05805439330543933,0.032426778242677826,0.0,0.0,0.0,0.005753138075313808,0.009414225941422594,0.13127615062761505,0.08054393305439331,0.05387029288702929,0.06851464435146444,0.11401673640167365,0.05596234309623431,0.03085774058577406,0.0350418410041841,0.02301255230125523,0.03138075313807531,0.05805439330543933,0.030334728033472803,0.0198744769874477,0.010983263598326359,0.7902621722846441
371000000000.0,1678,0.899284862932062,0.07926102502979737,0.0,0.011918951132300357,0.0,0.0,0.009535160905840286,371000000000.0,0.01132300357568534,0.04886769964243146,0.010727056019070322,0.0,0.026817640047675805,0.0,0.0059594755661501785,0.01132300357568534,0.01907032181168057,0.0697258641239571,0.02205005959475566,0.020858164481525627,0.02205005959475566,0.04529201430274136,0.06495828367103695,0.03098927294398093,0.08164481525625746,0.025029797377830752,0.0023837902264600714,0.11740166865315853,0.09594755661501787,0.10965435041716329,0.15792610250297973,0.7552301255230125
371000000000.0,5674,0.2601339443073669,0.688755727881565,0.0,0.007754670426506873,0.0,0.024497708847373987,0.01885794853718717,371000000000.0,0.07648924920690871,0.0861825872400423,0.11772999647514981,0.049347902714134646,0.032428621783574196,0.012336975678533662,0.0033486076841734227,0.027317589002467394,0.04458935495241452,0.050581600281988014,0.08371519210433556,0.09393725766654917,0.08635882974973563,0.03965456468100106,0.03577722946774762,0.01427564328516038,0.02784631653154741,0.010222065562213606,0.021854071201973916,0.040888262248854425,0.022030313711667256,0.011455763130066972,0.01163200563976031,0.7610180012414649
371000000000.0,1028,0.0009727626459143969,0.9990272373540856,0.0,0.0,0.0,0.0,0.0,371000000000.0,0.019455252918287938,0.11770428015564202,0.13424124513618677,0.16926070038910507,0.02821011673151751,0.0009727626459143969,0.0,0.01556420233463035,0.08560311284046693,0.04474708171206226,0.0963035019455253,0.014591439688715954,0.07003891050583658,0.04377431906614786,0.013618677042801557,0.027237354085603113,0.05642023346303502,0.0,0.010700389105058366,0.011673151750972763,0.013618677042801557,0.0,0.026264591439688716,1.0601202404809618
371000000000.0,1020,0.0,0.9205882352941176,0.0,0.0,0.0,0.07941176470588235,0.0,371000000000.0,0.013725490196078431,0.016666666666666666,0.20490196078431372,0.04019607843137255,0.0,0.0,0.03627450980392157,0.049019607843137254,0.09901960784313725,0.13431372549019607,0.0,0.08725490196078431,0.049019607843137254,0.0392156862745098,0.01568627450980392,0.028431372549019607,0.025490196078431372,0.012745098039215686,0.043137254901960784,0.03431372549019608,0.0,0.029411764705882353,0.041176470588235294,0.9391634980988592
371000000000.0,4878,0.3075030750307503,0.5981959819598196,0.0,0.03239032390323903,0.0,0.007585075850758507,0.054325543255432554,371000000000.0,0.11049610496104961,0.07667076670766708,0.1012710127101271,0.06068060680606806,0.02009020090200902,0.027265272652726526,0.005330053300533005,0.02214022140221402,0.047355473554735544,0.1027060270602706,0.07954079540795408,0.056990569905699055,0.054325543255432554,0.05186551865518655,0.07052070520705207,0.012710127101271012,0.015580155801558016,0.012300123001230012,0.009020090200902008,0.01066010660106601,0.01886018860188602,0.006355063550635506,0.027265272652726526,0.673987645847632
371000000000.0,3048,0.4881889763779528,0.43996062992125984,0.00853018372703412,0.03937007874015748,0.0,0.00557742782152231,0.01837270341207349,371000000000.0,0.09678477690288714,0.13221784776902887,0.08891076115485565,0.012467191601049869,0.012467191601049869,0.0022965879265091863,0.001968503937007874,0.031496062992125984,0.10203412073490814,0.08070866141732283,0.03871391076115486,0.07381889763779527,0.07316272965879266,0.059383202099737534,0.05971128608923885,0.021653543307086614,0.03051181102362205,0.014435695538057743,0.010498687664041995,0.007217847769028871,0.020013123359580054,0.006889763779527559,0.022637795275590553,0.8653610771113831
371000000000.0,1354,0.3567208271787297,0.5206794682422452,0.0,0.0,0.0,0.10561299852289513,0.016986706056129987,371000000000.0,0.03323485967503693,0.09527326440177253,0.08050221565731167,0.016986706056129987,0.014032496307237814,0.03988183161004431,0.0,0.0258493353028065,0.0915805022156573,0.10782865583456426,0.042097488921713444,0.16617429837518463,0.07385524372230429,0.0155096011816839,0.10930576070901034,0.019940915805022157,0.0103397341211226,0.0014771048744460858,0.0,0.0361890694239291,0.007385524372230428,0.005908419497784343,0.0066469719350073855,0.9454022988505748
371000000000.0,1280,0.4515625,0.23359375,0.0,0.07421875,0.0,0.19453125,0.04609375,371000000000.0,0.03671875,0.02734375,0.06953125,0.040625,0.003125,0.01328125,0.01015625,0.0125,0.03828125,0.10078125,0.09921875,0.07890625,0.05078125,0.1578125,0.09375,0.0140625,0.009375,0.02890625,0.05625,0.01875,0.01484375,0.0,0.025,0.9364599092284418
371000000000.0,1850,0.27513513513513516,0.6405405405405405,0.0,0.012432432432432432,0.0,0.00972972972972973,0.062162162162162166,371000000000.0,0.12324324324324325,0.11189189189189189,0.06432432432432432,0.0,0.028648648648648647,0.0,0.01027027027027027,0.05081081081081081,0.2118918918918919,0.07945945945945945,0.042702702702702704,0.07513513513513513,0.03351351351351351,0.04432432432432432,0.04810810810810811,0.0,0.02216216216216216,0.015135135135135135,0.011891891891891892,0.016756756756756756,0.00972972972972973,0.0,0.0,0.6415261756876663
371000000000.0,1610,0.36335403726708076,0.45590062111801244,0.0,0.02236024844720497,0.0,0.12236024844720497,0.03602484472049689,371000000000.0,0.06832298136645963,0.10434782608695652,0.05962732919254658,0.0055900621118012426,0.02422360248447205,0.015527950310559006,0.012422360248447204,0.018633540372670808,0.1453416149068323,0.07515527950310559,0.1093167701863354,0.05403726708074534,0.07080745341614907,0.06335403726708075,0.04906832298136646,0.010559006211180125,0.031055900621118012,0.02111801242236025,0.004347826086956522,0.02360248447204969,0.0068322981366459624,0.016770186335403725,0.009937888198757764,0.863425925925926
371000000000.0,1745,0.4,0.5575931232091691,0.0,0.0,0.0,0.029226361031518624,0.013180515759312322,371000000000.0,0.08080229226361031,0.033810888252149,0.032664756446991405,0.03667621776504298,0.04756446991404011,0.0,0.0,0.0017191977077363897,0.06876790830945559,0.06876790830945559,0.1318051575931232,0.0504297994269341,0.1512893982808023,0.06246418338108883,0.05329512893982808,0.033810888252149,0.03782234957020057,0.025787965616045846,0.01833810888252149,0.007449856733524355,0.013180515759312322,0.01489971346704871,0.02865329512893983,1.1177184466019419
371000000000.0,716,0.31424581005586594,0.276536312849162,0.0,0.0,0.0,0.4092178770949721,0.0,371000000000.0,0.02653631284916201,0.046089385474860335,0.009776536312849162,0.0,0.0,0.0,0.06564245810055866,0.013966480446927373,0.0670391061452514,0.11871508379888268,0.02094972067039106,0.02653631284916201,0.06564245810055866,0.18156424581005587,0.0,0.03770949720670391,0.02094972067039106,0.019553072625698324,0.17597765363128492,0.07960893854748603,0.0,0.023743016759776536,0.0,1.4026845637583893
371000000000.0,3637,0.273302172119879,0.6450371185042617,0.0,0.0,0.0,0.07561176794061039,0.006048941435248831,371000000000.0,0.117129502337091,0.09293373659609569,0.09128402529557328,0.02694528457519934,0.036293648611492986,0.025295573274676932,0.006048941435248831,0.04949133901567226,0.07011273027220237,0.08083585372559803,0.08551003574374484,0.08660984327742645,0.06653835578773715,0.0041242782513060215,0.05004124278251306,0.006598845202089634,0.0071487489689304375,0.04426725323068463,0.031894418476766564,0.0041242782513060215,0.006598845202089634,0.006873797085510036,0.003299422601044817,0.9532760472610098
371000000000.0,1367,0.5859546452084857,0.3043160204828091,0.0,0.027066569129480616,0.0,0.08266276517922458,0.0,371000000000.0,0.11704462326261887,0.07900512070226774,0.06217995610826628,0.0,0.0,0.0,0.0,0.0073152889539136795,0.04023408924652524,0.11046086320409657,0.03438185808339429,0.03584491587417703,0.05193855157278712,0.0958302852962692,0.027066569129480616,0.0,0.10387710314557425,0.06876371616678859,0.033650329188002925,0.0592538405267008,0.027798098024871983,0.016093635698610095,0.029261155815654718,1.2974789915966387
371000000000.0,438,0.6484018264840182,0.2968036529680365,0.0,0.0,0.0,0.02968036529680365,0.02511415525114155,371000000000.0,0.1415525114155251,0.0,0.0,0.02968036529680365,0.0,0.0,0.0,0.0182648401826484,0.08447488584474885,0.0,0.02968036529680365,0.0,0.10273972602739725,0.0,0.05707762557077625,0.0319634703196347,0.1689497716894977,0.0547945205479452,0.11187214611872145,0.0547945205479452,0.05707762557077625,0.05707762557077625,0.0,0.7661290322580645
371000000000.0,2463,0.268371904181892,0.6443361753958587,0.0,0.03207470564352416,0.0,0.035728786033292735,0.0194884287454324,371000000000.0,0.0438489646772229,0.06536743808363785,0.14941128704831505,0.01867641088103938,0.059277304100690216,0.006902151847340642,0.017458384084449857,0.03857084855866829,0.02192448233861145,0.036946812829882256,0.03978887535525782,0.09135200974421437,0.1307348761672757,0.06983353633779943,0.06252537555826228,0.03735282176207876,0.0060901339829476245,0.006902151847340642,0.06455542021924482,0.008120178643930167,0.0,0.024360535931790498,0.0,0.8787185354691075
371000000000.0,2319,0.3048727899956878,0.6304441569642087,0.0,0.0,0.0,0.018973695558430356,0.04570935748167314,371000000000.0,0.11341095299698145,0.10004312203536007,0.098749460974558,0.042690815006468305,0.05088400172488142,0.00517464424320828,0.0,0.04053471323846486,0.06985769728331177,0.13799051315222077,0.03320396722725313,0.08883139284174213,0.061233290211297975,0.056058645968089696,0.03536006899525657,0.01034928848641656,0.03147908581285037,0.016817593790426907,0.007330746011211729,0.0,0.0,0.0,0.0,0.6828737300435413
371000000000.0,2046,0.22580645161290322,0.6818181818181818,0.0,0.0004887585532746823,0.0,0.08113391984359726,0.010752688172043012,371000000000.0,0.04056695992179863,0.11779081133919844,0.08113391984359726,0.020527859237536656,0.05767350928641251,0.033235581622678395,0.016617790811339198,0.016129032258064516,0.07917888563049853,0.08602150537634409,0.028347996089931573,0.08357771260997067,0.10312805474095797,0.12561094819159335,0.0552297165200391,0.017595307917888565,0.005865102639296188,0.012218963831867057,0.010752688172043012,0.0019550342130987292,0.0,0.006842619745845552,0.0,0.705
371000000000.0,1365,0.5728937728937729,0.16336996336996337,0.0,0.0,0.0,0.13113553113553114,0.1326007326007326,371000000000.0,0.04395604395604396,0.10183150183150183,0.1641025641025641,0.06227106227106227,0.02197802197802198,0.03076923076923077,0.0,0.04542124542124542,0.046886446886446886,0.09816849816849817,0.13992673992673993,0.08717948717948718,0.0,0.011721611721611722,0.010256410256410256,0.021245421245421246,0.0,0.018315018315018316,0.0,0.08498168498168499,0.01098901098901099,0.0,0.0,0.9389204545454545
371000000000.0,2118,1.0,0.0,0.0,0.0,0.0,0.0,0.0,371000000000.0,0.09584513692162418,0.028328611898016998,0.011803588290840416,0.07601510859301228,0.024079320113314446,0.03777148253068933,0.008026440037771483,0.013220018885741265,0.004721435316336166,0.018885741265344664,0.14636449480642116,0.04815864022662889,0.06940509915014165,0.1024551463644948,0.0906515580736544,0.06704438149197356,0.03163361661945231,0.01794145420207743,0.0169971671388102,0.03210576015108593,0.037299338999055714,0.013692162417374882,0.007554296506137866,1.0365384615384616
371000000000.0,4688,0.2508532423208191,0.7235494880546075,0.005119453924914676,0.008745733788395904,0.0,0.0,0.011732081911262798,371000000000.0,0.04671501706484642,0.05930034129692833,0.09769624573378839,0.04522184300341297,0.04607508532423208,0.008105802047781569,0.0,0.0390358361774744,0.08703071672354949,0.036476109215017066,0.10174914675767918,0.14526450511945393,0.09236348122866894,0.06889931740614334,0.028796928327645053,0.014718430034129693,0.023677474402730374,0.028370307167235494,0.010025597269624573,0.014078498293515358,0.004479522184300341,0.0019197952218430034,0.0,0.903369874137231
371000000000.0,3439,0.45652806048269845,0.44896772317534167,0.00639720849084036,0.0055248618784530384,0.0,0.06135504507124164,0.021227100901424833,371000000000.0,0.1555684792090724,0.09072404768828148,0.03751090433265484,0.014829892410584472,0.03140447804594359,0.0,0.0,0.022099447513812154,0.057574876417563245,0.10933410875254435,0.10061064262867113,0.04158185519046234,0.06135504507124164,0.0953765629543472,0.05466705437627217,0.013085199185809828,0.015411456818842687,0.026461180575748765,0.015702239022971794,0.034021517883105555,0.005234079674323932,0.00959581273626054,0.007851119511485897,0.8341333333333333
371000000000.0,3789,0.27843758247558725,0.5735022433359726,0.0,0.008973343890208499,0.0,0.09553972024280813,0.043547110055423596,371000000000.0,0.08656637635259963,0.027711797307996833,0.05489575085774611,0.07864871997888626,0.08155186064924783,0.0,0.014251781472684086,0.020849828450778568,0.03668514119820533,0.09738717339667459,0.0857746107152283,0.059910266561097915,0.07706518870414357,0.10847189231987332,0.0395882818685669,0.01979414093428345,0.07310636051728689,0.00844550013196094,0.017682765901293217,0.008181578252837161,0.003430984428609132,0.0,0.0,0.8528117359413203
371000000000.0,2404,0.33111480865224624,0.591514143094842,0.0,0.0,0.0,0.07737104825291181,0.0,371000000000.0,0.06364392678868552,0.09234608985024959,0.09400998336106489,0.01913477537437604,0.01622296173044925,0.007903494176372712,0.0066555740432612314,0.011231281198003328,0.06198003327787022,0.1314475873544093,0.08652246256239601,0.07445923460898503,0.05615640599001664,0.034525790349417634,0.16722129783693843,0.029534109816971715,0.0074875207986688855,0.01747088186356073,0.007903494176372712,0.0,0.014143094841930116,0.0,0.0,0.8810641627543035
371000000000.0,2404,0.4617304492512479,0.46422628951747086,0.0,0.06031613976705491,0.0,0.008319467554076539,0.005407653910149751,371000000000.0,0.051580698835274545,0.06156405990016639,0.009151414309484194,0.04409317803660566,0.0033277870216306157,0.0,0.016638935108153077,0.014143094841930116,0.10856905158069884,0.0973377703826955,0.033277870216306155,0.11023294509151414,0.05823627287853577,0.07945091514143095,0.08444259567387687,0.028286189683860232,0.030782029950083195,0.014143094841930116,0.04617304492512479,0.03036605657237937,0.058652246256239604,0.0029118136439267887,0.016638935108153077,0.7458242556281771
371000000000.0,6328,0.47076485461441214,0.3971238938053097,0.0,0.06969026548672566,0.0,0.0347661188369153,0.02765486725663717,371000000000.0,0.1213653603034134,0.05530973451327434,0.048672566371681415,0.018647281921618204,0.011219974715549938,0.007269279393173199,0.0,0.04535398230088496,0.09939949431099873,0.12057522123893805,0.10919721871049305,0.06463337547408343,0.08075221238938053,0.07711757269279393,0.03824273072060683,0.01991150442477876,0.013116308470290772,0.013748419721871049,0.020859671302149177,0.017857142857142856,0.012642225031605562,0.002370417193426043,0.001738305941845765,1.064600326264274
371000000000.0,3167,0.366277233975371,0.5642563940637828,0.0,0.013893274392169246,0.0,0.05052099778970635,0.0050520997789706345,371000000000.0,0.012630249447426587,0.06599305336280392,0.05241553520682034,0.048310704136406694,0.010104199557941269,0.0050520997789706345,0.02083991158825387,0.12346068834859489,0.13072308178086517,0.06378275970950427,0.08872750236817177,0.07736027786548784,0.08525418377012946,0.06125670982001895,0.03315440479949479,0.03568045468898011,0.02904957372908115,0.016419324281654563,0.011367224502683928,0.01894537417113988,0.0,0.00947268708556994,0.0,0.9101326899879372
371000000000.0,2769,0.5467677862044059,0.37703141928494044,0.006861682918020947,0.01805706031058144,0.0,0.01155651859877212,0.03972553268327916,371000000000.0,0.11917659804983749,0.1733477789815818,0.053810039725532686,0.0065005417118093175,0.0007222824124232575,0.0,0.0,0.010473094980137234,0.10581437342000723,0.07692307692307693,0.07583965330444203,0.09209100758396534,0.05489346334416757,0.0390032502708559,0.04405922715781871,0.025279884434814014,0.020946189960274468,0.02925243770314193,0.019140483929216325,0.01986276634163958,0.0,0.013723365836041893,0.019140483929216325,0.8325612177365983
371000000000.0,966,0.8312629399585921,0.08281573498964803,0.0,0.056935817805383024,0.0,0.0,0.028985507246376812,371000000000.0,0.028985507246376812,0.016563146997929608,0.015527950310559006,0.0,0.013457556935817806,0.0,0.0,0.0,0.07453416149068323,0.014492753623188406,0.050724637681159424,0.016563146997929608,0.010351966873706004,0.052795031055900624,0.15838509316770186,0.045548654244306416,0.13043478260869565,0.06314699792960662,0.047619047619047616,0.13354037267080746,0.07246376811594203,0.018633540372670808,0.036231884057971016,0.7188612099644128
371000000000.0,2487,0.7977482911137918,0.12062726176115803,0.005227181342983514,0.017289907519099316,0.0,0.015681544028950542,0.04342581423401689,371000000000.0,0.09006835544833132,0.049859268194611985,0.044229995979091274,0.0,0.024929634097305992,0.013671089666264576,0.007639726578206675,0.006433453960595094,0.10253317249698432,0.10574989947728186,0.08283071974266185,0.10816244471250502,0.05066344993968637,0.10856453558504221,0.04221954161640531,0.010454362685967028,0.038198632891033375,0.010856453558504222,0.036992360273421794,0.045838359469240045,0.02010454362685967,0.0,0.0,0.8629213483146069
371000000000.0,2006,0.7492522432701895,0.2357926221335992,0.0,0.014955134596211365,0.0,0.0,0.0,371000000000.0,0.04935194416749751,0.01744765702891326,0.022931206380857428,0.018943170488534396,0.0353938185443669,0.0,0.00448654037886341,0.009471585244267198,0.04835493519441675,0.04436689930209372,0.10817547357926222,0.06081754735792622,0.07028913260219342,0.09272183449651047,0.04885343968095713,0.011964107676969093,0.05782652043868395,0.07128614157527417,0.06081754735792622,0.12861415752741776,0.022931206380857428,0.0,0.014955134596211365,1.0039960039960039
371000000000.0,2388,0.5431323283082077,0.3869346733668342,0.0,0.010469011725293133,0.0,0.0,0.059463986599664995,371000000000.0,0.06407035175879397,0.06407035175879397,0.055695142378559465,0.048994974874371856,0.0004187604690117253,0.0,0.020100502512562814,0.06197654941373534,0.07830820770519263,0.05611390284757119,0.038944723618090454,0.05862646566164154,0.08082077051926298,0.09338358458961474,0.07830820770519263,0.01423785594639866,0.030569514237855946,0.021775544388609715,0.04522613065326633,0.04271356783919598,0.005862646566164154,0.007537688442211055,0.032244556113902846,1.2131603336422614
371000000000.0,778,0.36375321336760924,0.39331619537275064,0.0,0.0,0.06555269922879177,0.14010282776349614,0.037275064267352186,371000000000.0,0.03470437017994859,0.060411311053984576,0.04627249357326478,0.028277634961439587,0.0,0.0,0.0,0.0,0.0,0.04755784061696658,0.07326478149100257,0.13753213367609254,0.03984575835475578,0.02056555269922879,0.13496143958868895,0.056555269922879174,0.07840616966580977,0.06940874035989718,0.0,0.09254498714652956,0.06683804627249357,0.0,0.012853470437017995,0.8746987951807229
371000000000.0,896,0.8459821428571429,0.07366071428571429,0.013392857142857142,0.015625,0.0,0.0,0.05133928571428571,371000000000.0,0.06361607142857142,0.05357142857142857,0.07700892857142858,0.033482142857142856,0.046875,0.0,0.0,0.006696428571428571,0.0,0.030133928571428572,0.09375,0.024553571428571428,0.08705357142857142,0.10602678571428571,0.05133928571428571,0.036830357142857144,0.06138392857142857,0.03459821428571429,0.0546875,0.04352678571428571,0.07366071428571429,0.017857142857142856,0.0033482142857142855,0.767258382642998
371000000000.0,2207,0.8763026733121885,0.044404168554599006,0.008155867693701857,0.03352967829632986,0.0,0.0,0.037607612143180785,371000000000.0,0.031264159492523785,0.05301314000906208,0.09832351608518351,0.038513819664703214,0.02809243316719529,0.0,0.0,0.0058903488898957865,0.0666062528318985,0.07023108291798821,0.07204349796103307,0.06570004531037607,0.076121431807884,0.08291798821930221,0.0883552333484368,0.05120072496601722,0.021295876755777075,0.005437245129134572,0.04984141368373358,0.0666062528318985,0.017671046669687357,0.005437245129134572,0.005437245129134572,1.0416281221091583
371000000000.0,1494,0.17269076305220885,0.8038821954484605,0.0,0.0,0.0,0.023427041499330656,0.0,371000000000.0,0.09906291834002677,0.0,0.03145917001338688,0.06827309236947791,0.05622489959839357,0.019410977242302542,0.006024096385542169,0.04216867469879518,0.06827309236947791,0.02610441767068273,0.07295850066934405,0.011378848728246318,0.059571619812583666,0.05756358768406961,0.09839357429718876,0.03681392235609103,0.059571619812583666,0.014056224899598393,0.007362784471218206,0.06760374832663989,0.03346720214190094,0.04216867469879518,0.02208835341365462,0.7892215568862276
371000000000.0,1220,0.22704918032786886,0.6196721311475409,0.022131147540983605,0.06393442622950819,0.0,0.06721311475409836,0.0,371000000000.0,0.030327868852459017,0.10245901639344263,0.011475409836065573,0.013934426229508197,0.010655737704918032,0.009836065573770493,0.013114754098360656,0.030327868852459017,0.054098360655737705,0.09918032786885246,0.036065573770491806,0.047540983606557376,0.040983606557377046,0.04016393442622951,0.07540983606557378,0.09098360655737706,0.013934426229508197,0.0,0.01639344262295082,0.1418032786885246,0.03360655737704918,0.006557377049180328,0.08114754098360656,0.9365079365079364
371000000000.0,1842,0.11292073832790445,0.7817589576547231,0.0,0.0,0.0,0.06026058631921824,0.04505971769815418,371000000000.0,0.08686210640608034,0.03203040173724213,0.10640608034744843,0.025515743756786103,0.025515743756786103,0.0,0.0,0.02823018458197611,0.041802388707926165,0.06568946796959826,0.05211726384364821,0.08414766558089033,0.054831704668838216,0.08089033659066232,0.06188925081433225,0.04560260586319218,0.06243213897937025,0.04125950054288816,0.033659066232356136,0.013029315960912053,0.03040173724212812,0.02280130293159609,0.004885993485342019,1.0043525571273122
371000000000.0,1316,0.48936170212765956,0.43465045592705165,0.0,0.010638297872340425,0.0,0.0,0.06534954407294832,371000000000.0,0.03267477203647416,0.050911854103343465,0.05927051671732523,0.02811550151975684,0.005319148936170213,0.0,0.004559270516717325,0.026595744680851064,0.09346504559270517,0.10258358662613981,0.11322188449848024,0.08130699088145897,0.0243161094224924,0.03875379939209726,0.0980243161094225,0.019756838905775075,0.08738601823708207,0.0486322188449848,0.044832826747720364,0.022036474164133738,0.0182370820668693,0.0,0.0,1.0277349768875192
371000000000.0,999,0.7137137137137137,0.26426426426426425,0.0,0.0,0.0,0.022022022022022022,0.0,371000000000.0,0.05105105105105105,0.01001001001001001,0.05305305305305305,0.04104104104104104,0.0,0.0,0.0,0.0,0.07607607607607608,0.1031031031031031,0.0920920920920921,0.07507507507507508,0.07307307307307308,0.13913913913913914,0.057057057057057055,0.02002002002002002,0.06506506506506507,0.024024024024024024,0.02902902902902903,0.02702702702702703,0.044044044044044044,0.0,0.02002002002002002,1.0812499999999998
371000000000.0,2132,0.724202626641651,0.1449343339587242,0.0,0.038461538461538464,0.0,0.05628517823639775,0.036116322701688554,371000000000.0,0.058161350844277676,0.06707317073170732,0.07223264540337711,0.04971857410881801,0.016885553470919325,0.004690431519699813,0.0,0.016885553470919325,0.07363977485928705,0.07223264540337711,0.06894934333958724,0.07551594746716699,0.09193245778611632,0.06097560975609756,0.08630393996247655,0.008442776735459663,0.0525328330206379,0.013602251407129456,0.028611632270168854,0.04127579737335835,0.02345215759849906,0.004221388367729831,0.012664165103189493,0.8253424657534246
371000000000.0,3038,0.6606319947333772,0.28011849901250824,0.0,0.013824884792626729,0.0,0.019749835418038184,0.025674786043449638,371000000000.0,0.09743252139565503,0.1142198815009875,0.09183673469387756,0.05661619486504279,0.012508229098090849,0.012179065174456879,0.0,0.031599736668861095,0.07406188281764318,0.07439104674127715,0.09743252139565503,0.13001974983541803,0.04772876892692561,0.044107965766951945,0.07899934167215274,0.019420671494404212,0.0029624753127057276,0.0,0.009874917709019092,0.0,0.0,0.004608294930875576,0.0,0.9227848101265823
371000000000.0,2062,0.5484966052376333,0.2192046556741028,0.0,0.0635305528612997,0.0,0.12075654704170707,0.048011639185257034,371000000000.0,0.06692531522793405,0.05868089233753637,0.0979631425800194,0.015518913676042677,0.02521823472356935,0.0,0.03346265761396702,0.09408341416100872,0.1629485935984481,0.08195926285160039,0.04704170708050436,0.16197866149369544,0.0072744907856450046,0.04122211445198836,0.013579049466537343,0.012609117361784675,0.010184287099903006,0.017943743937924344,0.007759456838021339,0.01600387972841901,0.0072744907856450046,0.0,0.020368574199806012,0.5984496124031008
371000000000.0,682,0.6524926686217009,0.1627565982404692,0.0,0.18475073313782991,0.0,0.0,0.0,371000000000.0,0.0,0.0,0.0,0.0,0.0,0.0,0.036656891495601175,0.030791788856304986,0.250733137829912,0.08504398826979472,0.02932551319648094,0.0,0.0689149560117302,0.0,0.0,0.0,0.0,0.0,0.0,0.05718475073313783,0.06598240469208211,0.12609970674486803,0.24926686217008798,0.7397959183673469
371000000000.0,3323,0.3448690941919952,0.3876015648510382,0.0,0.06319590731266927,0.0,0.16009629852542884,0.044237135118868495,371000000000.0,0.04664459825458923,0.06048751128498345,0.059584712609088174,0.03551008125188083,0.011134517002708396,0.022569966897381884,0.03400541679205537,0.0698164309359013,0.11224796870297923,0.12398435148961781,0.15979536563346375,0.10261811616009629,0.04875112849834487,0.0514595245260307,0.038218477279566655,0.0,0.01354198013842913,0.009629852542882938,0.0,0.0,0.0,0.0,0.0,1.231699126930826
371000000000.0,2618,0.6065699006875478,0.24675324675324675,0.0,0.07028265851795264,0.0,0.045454545454545456,0.030939648586707412,371000000000.0,0.12719633307868602,0.10580595874713522,0.04239877769289534,0.01948051948051948,0.0,0.0,0.0,0.06684491978609626,0.12910618792971734,0.15393430099312452,0.0825057295645531,0.061115355233002294,0.022536287242169595,0.00878533231474408,0.05691367456073339,0.01413292589763178,0.04851031321619557,0.0,0.012605042016806723,0.007257448433919022,0.014514896867838044,0.0,0.026355996944232237,1.0565593087195602
371000000000.0,2415,0.8182194616977225,0.014492753623188406,0.0,0.10973084886128365,0.0,0.0,0.05755693581780538,371000000000.0,0.06583850931677018,0.06169772256728778,0.09772256728778468,0.043478260869565216,0.02443064182194617,0.0033126293995859213,0.0,0.01987577639751553,0.032712215320910974,0.043478260869565216,0.07163561076604555,0.05093167701863354,0.0927536231884058,0.09606625258799172,0.05548654244306418,0.055900621118012424,0.02608695652173913,0.04596273291925466,0.034782608695652174,0.010766045548654244,0.03354037267080745,0.006211180124223602,0.02732919254658385,1.0518266779949024
371000000000.0,1283,0.8051441932969603,0.09353078721745908,0.0,0.08261886204208885,0.0,0.010911925175370226,0.00779423226812159,371000000000.0,0.018706157443491817,0.1387373343725643,0.03195635229929852,0.0,0.0,0.0,0.0,0.03351519875292284,0.028838659392049885,0.043647700701480906,0.09976617303195635,0.05066250974279034,0.0646921278254092,0.0701480904130943,0.059236165237724084,0.06157443491816056,0.05378020265003897,0.09041309431021044,0.03195635229929852,0.011691348402182385,0.03507404520654715,0.029618082618862042,0.04598597038191738,1.1419031719532555
371000000000.0,3808,0.7250525210084033,0.09900210084033613,0.0,0.11423319327731092,0.0,0.022846638655462184,0.038865546218487396,371000000000.0,0.06906512605042017,0.048581932773109245,0.028361344537815126,0.029149159663865547,0.006827731092436975,0.0034138655462184874,0.008928571428571428,0.04805672268907563,0.10294117647058823,0.1092436974789916,0.07720588235294118,0.03440126050420168,0.07930672268907563,0.0467436974789916,0.04385504201680672,0.021796218487394957,0.06460084033613446,0.018907563025210083,0.026785714285714284,0.02652310924369748,0.023109243697478993,0.007878151260504201,0.0743172268907563,0.7516099356025759
371000000000.0,2489,0.8967456809963841,0.029730815588589796,0.019686621132985135,0.03455202892728003,0.0,0.009642426677380474,0.009642426677380474,371000000000.0,0.02932904781036561,0.03133788670148654,0.0,0.01687424668541583,0.01245480112494978,0.0,0.0044194455604660505,0.004821213338690237,0.0799517878666131,0.02450783447167537,0.10124548011249498,0.03294495781438329,0.023704298915227,0.06347930895942146,0.08758537565287264,0.006830052229811169,0.03214142225793491,0.02932904781036561,0.06749698674166332,0.04499799116110888,0.1181197267979108,0.09280835676978706,0.09562073121735637,0.9399844115354637
371000000000.0,3799,0.44695972624374836,0.36983416688602266,0.0,0.07107133456172678,0.0,0.051066070018425905,0.061068702290076333,371000000000.0,0.042116346406949196,0.029481442484864437,0.033693077125559356,0.03711503027112398,0.003948407475651487,0.04527507238747039,0.028165306659647275,0.16399052382205845,0.11081863648328508,0.11660963411424059,0.060279020794946035,0.08633851013424586,0.03474598578573309,0.052645433008686494,0.053961568833903656,0.010002632271650434,0.028165306659647275,0.012898131087128192,0.012108449591997894,0.017372992892866545,0.007896814951302974,0.0018425901553040273,0.010529086601737299,0.8853598014888338
371000000000.0,3193,0.8149076103977451,0.07860945818979016,0.018791105543376135,0.04384591293454432,0.0,0.0,0.04384591293454432,371000000000.0,0.05386783589101159,0.05668650172251801,0.042593172564985904,0.019104290635765738,0.041966802380206704,0.0,0.027247103037895397,0.05292828061384278,0.03601628562480426,0.05324146570623239,0.055120576260569994,0.06514249921703727,0.0955214531788287,0.10898841215158159,0.09238960225493266,0.04447228311932352,0.03225806451612903,0.030378953961791418,0.03069213905418102,0.023175696836830566,0.013466958972752897,0.008769182586908864,0.015972439711869714,0.8456647398843932
371000000000.0,1345,0.762825278810409,0.19330855018587362,0.0,0.025278810408921933,0.0,0.0,0.01858736059479554,371000000000.0,0.0,0.005947955390334572,0.06765799256505577,0.0,0.0,0.0,0.0,0.13382899628252787,0.2275092936802974,0.18587360594795538,0.04014869888475837,0.036431226765799254,0.01412639405204461,0.036431226765799254,0.08029739776951673,0.05947955390334572,0.035687732342007436,0.0,0.02973977695167286,0.04684014869888476,0.0,0.0,0.0,0.9159544159544161
371000000000.0,1783,0.8160403813796971,0.029164329781267526,0.002243409983174425,0.1446999439147504,0.0,0.007851934941110488,0.0,371000000000.0,0.0089736399326977,0.029164329781267526,0.022434099831744252,0.0,0.012338754907459339,0.0,0.049355019629837356,0.1340437464946719,0.23836231071228267,0.10039259674705553,0.07683679192372406,0.05832865956253505,0.0,0.0,0.03365114974761638,0.02075154234436343,0.025238362310712283,0.024677509814918678,0.012899607403252944,0.11777902411665732,0.011217049915872126,0.0,0.023555804823331465,1.0192525481313703
371000000000.0,1711,0.7983635300993571,0.15020455873758037,0.0,0.05143191116306254,0.0,0.0,0.0,371000000000.0,0.0777323202805377,0.04208065458796026,0.056107539450613676,0.030976037405026302,0.004675628287551139,0.0,0.0,0.0,0.049094097019286964,0.09234365867913501,0.0777323202805377,0.05084745762711865,0.061367621274108705,0.05669199298655757,0.1455289304500292,0.008766803039158387,0.046756282875511396,0.0058445353594389245,0.05902980713033314,0.020455873758036237,0.02396259497369959,0.07656341320864991,0.013442431326709527,0.8577633007600435
371000000000.0,2258,0.7431355181576617,0.09211691762621789,0.0,0.09300265721877768,0.0,0.0,0.07174490699734277,371000000000.0,0.1200177147918512,0.06111603188662533,0.07927369353410098,0.021700620017714792,0.01682905225863596,0.010186005314437556,0.0,0.02967227635075288,0.06288751107174491,0.034100974313551816,0.1266607617360496,0.1191319751992914,0.062444641275465014,0.04428697962798937,0.0637732506643047,0.01904340124003543,0.04030115146147033,0.006200177147918512,0.03587245349867139,0.02878653675819309,0.005314437555358724,0.012400354295837024,0.0,0.8769742310889443
371000000000.0,4635,0.6142394822006473,0.22049622437971952,0.013160733549083063,0.10744336569579288,0.0,0.011434735706580367,0.03322545846817691,371000000000.0,0.047680690399137,0.07076591154261057,0.07249190938511327,0.05005393743257821,0.0209277238403452,0.0,0.007551240560949299,0.020711974110032363,0.036030204962243795,0.06019417475728155,0.07141316073354909,0.11024811218985976,0.08025889967637541,0.06709816612729234,0.09773462783171522,0.037756202804746494,0.03300970873786408,0.020496224379719527,0.043797195253505936,0.03344120819848975,0.012944983818770227,0.001941747572815534,0.003451995685005394,0.9892703862660945
371000000000.0,3173,0.6173967853766152,0.21178695241096754,0.0,0.14497321147179326,0.0,0.005042546485975417,0.020800504254648598,371000000000.0,0.07028049164828239,0.025843050740624016,0.023321777497636306,0.007248660573589662,0.006303183107469272,0.018909549322407817,0.009454774661203908,0.04097069019855027,0.21241727072171446,0.12354238890639774,0.09454774661203907,0.07437756066813742,0.04790419161676647,0.02962496060510558,0.0649227860069335,0.02111566341002206,0.031200756381972897,0.016388276079420106,0.018594390167034354,0.01922470847778128,0.02458241411913016,0.01481248030255279,0.00441222817522849,0.7549778761061946
371000000000.0,1237,0.5901374292643492,0.3459983831851253,0.0,0.009700889248181084,0.0,0.054163298302344384,0.0,371000000000.0,0.05173807599029911,0.0,0.050121261115602264,0.01131770412287793,0.13096200485044462,0.0,0.010509296685529508,0.09458367016976556,0.05254648342764753,0.05578011317704123,0.04931285367825384,0.12368633791430882,0.07113985448666128,0.054163298302344384,0.014551333872271624,0.04042037186742118,0.08407437348423606,0.02021018593371059,0.03395311236863379,0.025060630557801132,0.012934518997574777,0.012934518997574777,0.0,1.2655677655677655
371000000000.0,2366,0.32713440405748095,0.6077768385460693,0.0,0.02028740490278952,0.006339814032121725,0.0,0.038461538461538464,371000000000.0,0.06424344885883347,0.04649196956889264,0.05790363482671175,0.05409974640743871,0.0,0.020710059171597635,0.018174133558748945,0.037193575655114115,0.10777683854606931,0.18385460693153,0.07988165680473373,0.03296703296703297,0.029585798816568046,0.07565511411665257,0.04142011834319527,0.04268808114961961,0.02324598478444632,0.006762468300929839,0.012256973795435333,0.032121724429416736,0.011834319526627219,0.0,0.021132713440405747,0.7009345794392523
371000000000.0,2272,0.7077464788732394,0.1641725352112676,0.0,0.07262323943661972,0.0,0.0,0.05545774647887324,371000000000.0,0.09903169014084508,0.028169014084507043,0.03433098591549296,0.007922535211267605,0.0,0.0,0.0,0.022887323943661973,0.12588028169014084,0.13996478873239437,0.10079225352112677,0.08098591549295775,0.05237676056338028,0.02596830985915493,0.045774647887323945,0.02640845070422535,0.03609154929577465,0.04665492957746479,0.032570422535211266,0.014084507042253521,0.006161971830985915,0.02068661971830986,0.053257042253521125,0.8263665594855306
371000000000.0,1412,0.7662889518413598,0.14589235127478753,0.015580736543909348,0.015580736543909348,0.0,0.028328611898016998,0.028328611898016998,371000000000.0,0.05453257790368272,0.03895184135977337,0.03824362606232295,0.04036827195467422,0.020538243626062325,0.0,0.0,0.024079320113314446,0.165014164305949,0.12393767705382436,0.09915014164305949,0.07294617563739376,0.06303116147308782,0.06373937677053824,0.10127478753541076,0.010623229461756374,0.023371104815864022,0.013456090651558074,0.04036827195467422,0.006373937677053824,0.0,0.0,0.0,1.0316546762589929
371000000000.0,1785,0.653781512605042,0.15798319327731092,0.0,0.17142857142857143,0.0,0.0,0.01680672268907563,371000000000.0,0.06330532212885154,0.011764705882352941,0.030252100840336135,0.026330532212885154,0.0196078431372549,0.0,0.004481792717086834,0.056022408963585436,0.16526610644257703,0.08235294117647059,0.04985994397759104,0.039775910364145656,0.05434173669467787,0.05434173669467787,0.11484593837535013,0.020168067226890758,0.029131652661064426,0.02969187675070028,0.05042016806722689,0.043697478991596636,0.014005602240896359,0.02296918767507003,0.017366946778711485,1.0330296127562641
371000000000.0,4247,0.6833058629620908,0.2086178478926301,0.0,0.09912879679773957,0.0,0.0011773016246762421,0.007770190722863198,371000000000.0,0.044972922062632446,0.04308923946315046,0.06145514480809983,0.07040263715563927,0.027313397692488816,0.0,0.009889333647280433,0.02048504826936661,0.08170473275253119,0.14810454438427126,0.046621144337179184,0.07652460560395573,0.07676006592889098,0.06121968448316459,0.0967741935483871,0.01742406404520838,0.030845302566517543,0.020249587944431362,0.03838003296444549,0.014363079821050152,0.0035319048740287263,0.0028255238992229807,0.007063809748057453,0.9044843049327355
371000000000.0,1169,0.7134302822925578,0.2018819503849444,0.0,0.0,0.0,0.0718562874251497,0.01283147989734816,371000000000.0,0.04790419161676647,0.0,0.07014542343883662,0.019674935842600515,0.0,0.0,0.0,0.018819503849443968,0.1437125748502994,0.13857998289136014,0.11035072711719418,0.05132591958939264,0.0290846877673225,0.04961505560307956,0.08982035928143713,0.0,0.0,0.11035072711719418,0.05303678357570573,0.03421727972626176,0.018819503849443968,0.01454234388366125,0.0,1.0401396160558465
371000000000.0,1059,0.8101983002832861,0.12181303116147309,0.0,0.007554296506137866,0.0,0.012275731822474031,0.04815864022662889,371000000000.0,0.08593012275731822,0.0056657223796034,0.0,0.0,0.08498583569405099,0.012275731822474031,0.0,0.012275731822474031,0.13314447592067988,0.14353163361661944,0.05571293673276676,0.08120868744098206,0.05476864966949953,0.027384324834749764,0.07932011331444759,0.03871576959395656,0.03210576015108593,0.044381491973559964,0.0,0.04154863078375826,0.02644003777148253,0.0,0.04060434372049103,0.7768456375838927
371000000000.0,2765,0.3312839059674503,0.4585895117540687,0.0,0.16491862567811935,0.0,0.0,0.045207956600361664,371000000000.0,0.04593128390596745,0.06401446654611212,0.08933092224231465,0.028933092224231464,0.007956600361663653,0.0,0.0,0.004701627486437613,0.07992766726943942,0.0867992766726944,0.08933092224231465,0.05786618444846293,0.08752260397830018,0.08426763110307414,0.058589511754068714,0.04556962025316456,0.035443037974683546,0.012658227848101266,0.04556962025316456,0.04014466546112116,0.019168173598553346,0.010126582278481013,0.006148282097649186,0.8457943925233645
371000000000.0,2841,0.5195353748680043,0.4544174586413235,0.0,0.005631819781766983,0.0,0.020415346708905314,0.0,371000000000.0,0.06476592749032031,0.10242872228088701,0.057022175290390706,0.049278423090461106,0.017247448081661388,0.008799718409010912,0.0045758535726856744,0.03132699753607884,0.08236536430834214,0.037310806054206266,0.12178810278071102,0.1284758887715593,0.037310806054206266,0.05878211897219289,0.05526223160858852,0.013727560718057022,0.02287926786342837,0.014079549454417459,0.04047870468145019,0.018303414290742698,0.01196761703625484,0.013727560718057022,0.008095740936290039,0.8715415019762845
371000000000.0,1424,0.523876404494382,0.3813202247191011,0.0,0.05898876404494382,0.0,0.0,0.03581460674157303,371000000000.0,0.042837078651685394,0.05547752808988764,0.1172752808988764,0.06811797752808989,0.0,0.0,0.0,0.0175561797752809,0.11165730337078651,0.04845505617977528,0.08848314606741572,0.14676966292134833,0.10393258426966293,0.06882022471910113,0.08075842696629214,0.0,0.014044943820224719,0.0,0.010533707865168539,0.0,0.025280898876404494,0.0,0.0,0.9641379310344828
371000000000.0,2531,0.24891347293559857,0.7123666534966416,0.0,0.011062821019359936,0.0,0.0,0.02765705254839984,371000000000.0,0.04464638482813117,0.05689450809956539,0.1426313709996049,0.047412090082971155,0.0,0.03871987356775978,0.01066772026866851,0.009482418016594232,0.08455156064796523,0.061240616357171075,0.06953773212169104,0.11141841169498222,0.0691426313709996,0.049782694587119716,0.03871987356775978,0.04780719083366258,0.005136309758988542,0.005136309758988542,0.0300276570525484,0.03871987356775978,0.024101145792177005,0.007902015013828527,0.006321612011062821,0.753984753984754
371000000000.0,3860,0.09455958549222798,0.6987046632124352,0.0,0.011917098445595855,0.0,0.1538860103626943,0.04093264248704663,371000000000.0,0.08160621761658031,0.10336787564766839,0.04041450777202073,0.00466321243523316,0.07253886010362694,0.029533678756476684,0.051036269430051816,0.05077720207253886,0.11917098445595854,0.08963730569948186,0.07797927461139896,0.05310880829015544,0.029792746113989636,0.03341968911917098,0.061139896373056994,0.01709844559585492,0.007253886010362694,0.013730569948186529,0.008808290155440414,0.021502590673575128,0.011917098445595855,0.011917098445595855,0.009585492227979275,0.8584496870486278
371000000000.0,1201,0.4338051623646961,0.3222314737718568,0.0,0.14737718567860117,0.0,0.05412156536219817,0.042464612822647796,371000000000.0,0.030807660283097418,0.0,0.0,0.017485428809325562,0.0,0.044962531223980015,0.0,0.0324729392173189,0.10407993338884262,0.02164862614487927,0.18318068276436303,0.029142381348875937,0.08742714404662781,0.05578684429641965,0.1540383014154871,0.02997502081598668,0.054954204829308906,0.038301415487094086,0.03164029975020816,0.011656952539550375,0.013322231473771857,0.03996669442131557,0.019150707743547043,1.0218855218855218
371000000000.0,5872,0.3819822888283379,0.527758855585831,0.0,0.0842983651226158,0.0,0.0,0.005960490463215259,371000000000.0,0.1387942779291553,0.07561307901907358,0.0516008174386921,0.026055858310626703,0.02196866485013624,0.0057901907356948225,0.018222070844686647,0.05705040871934605,0.15224795640326977,0.10831062670299728,0.08327656675749319,0.08753405994550409,0.035762942779291554,0.02861035422343324,0.02690735694822888,0.0085149863760218,0.01651907356948229,0.006471389645776567,0.021457765667574933,0.0,0.004938692098092643,0.010388283378746595,0.013964577656675749,0.655483507189174
371000000000.0,2225,0.24314606741573033,0.6040449438202247,0.0,0.1352808988764045,0.0,0.0,0.01752808988764045,371000000000.0,0.08314606741573034,0.016179775280898877,0.010337078651685393,0.0,0.0,0.06247191011235955,0.059325842696629216,0.11191011235955056,0.20224719101123595,0.1995505617977528,0.06876404494382023,0.09797752808988765,0.024269662921348314,0.005842696629213483,0.02651685393258427,0.0044943820224719105,0.0,0.015730337078651686,0.0,0.0,0.0,0.0,0.011235955056179775,1.1878072763028515
371000000000.0,2699,0.5420526120785476,0.29862912189699886,0.0,0.11115227862171174,0.004075583549462764,0.0,0.04409040385327899,371000000000.0,0.09855502037791775,0.062245276028158575,0.06780288995924416,0.0192663949610967,0.0,0.0,0.0,0.01778436457947388,0.10967024824008892,0.14783253056687662,0.1026306039273805,0.10967024824008892,0.056317154501667285,0.06483882919599852,0.04038532789922193,0.034827713968136345,0.011115227862171175,0.012226750648388292,0.011115227862171175,0.00889218228973694,0.015561319007039644,0.009262689885142646,0.0,0.941726618705036
371000000000.0,1774,0.37767756482525366,0.5636978579481398,0.0,0.034385569334836524,0.0,0.0,0.024239007891770012,371000000000.0,0.10090191657271702,0.06200676437429538,0.03100338218714769,0.0,0.0,0.0,0.03494926719278467,0.07102593010146561,0.17587373167981962,0.19109357384441938,0.09864712514092447,0.024239007891770012,0.02705749718151071,0.040022547914317926,0.060879368658399095,0.017474633596392335,0.0,0.015219842164599774,0.02649379932356257,0.014092446448703494,0.009019165727170236,0.0,0.0,0.7024952015355086
371000000000.0,3546,0.4410603496897913,0.2789058093626621,0.025098702763677382,0.19289340101522842,0.0,0.04512126339537507,0.01692047377326565,371000000000.0,0.04568527918781726,0.04032712915961647,0.006204173716864072,0.015792442188381276,0.008460236886632826,0.007896221094190638,0.0028200789622109417,0.06232374506486182,0.13902989283699943,0.19063733784545966,0.13028764805414553,0.06429780033840947,0.09108855047941343,0.09249858996051889,0.04314720812182741,0.004230118443316413,0.011280315848843767,0.013254371122391428,0.012690355329949238,0.01804850535815003,0.0,0.0,0.0,1.1132300357568534
371000000000.0,2204,0.8162431941923775,0.161978221415608,0.0,0.007713248638838476,0.0,0.0,0.014065335753176044,371000000000.0,0.0,0.018148820326678767,0.07304900181488204,0.07395644283121597,0.004990925589836661,0.0,0.0,0.013157894736842105,0.008166969147005444,0.019056261343012703,0.009074410163339383,0.08983666061705989,0.055807622504537205,0.12159709618874773,0.15199637023593465,0.019509981851179675,0.06352087114337568,0.050362976406533574,0.07078039927404718,0.04582577132486389,0.06896551724137931,0.032667876588021776,0.009528130671506351,1.0464252553389044
371000000000.0,5336,0.5155547226386806,0.39917541229385306,0.016304347826086956,0.0,0.003373313343328336,0.013118440779610194,0.05247376311844078,371000000000.0,0.02717391304347826,0.025487256371814093,0.023425787106446775,0.010119940029985007,0.0,0.0022488755622188904,0.0,0.024550224887556222,0.07008995502248876,0.11319340329835083,0.1358695652173913,0.11169415292353824,0.12125187406296851,0.08395802098950525,0.0967016491754123,0.02811094452773613,0.04010494752623688,0.014055472263868066,0.011431784107946028,0.037293853073463265,0.008245877061469266,0.006934032983508246,0.008058470764617692,3.8289592760180993
371000000000.0,1609,0.9403356121814792,0.04785581106277191,0.0,0.0,0.0,0.0006215040397762585,0.011187072715972654,371000000000.0,0.030453697949036667,0.08203853325046613,0.05158483530142946,0.022374145431945307,0.011187072715972654,0.005593536357986327,0.0,0.006836544437538844,0.029210689869484153,0.03356121814791796,0.08638906152889994,0.03791174642635177,0.06463642013673089,0.08763206960845245,0.08079552517091361,0.06339341205717837,0.05593536357986327,0.06836544437538844,0.06463642013673089,0.07085146053449347,0.031075201988812928,0.009944064636420136,0.005593536357986327,1.078811369509044
371000000000.0,2153,0.5703669298653042,0.3706456107756619,0.002786809103576405,0.03297724105898746,0.0,0.0041802136553646075,0.019043195541105434,371000000000.0,0.06920575940548072,0.0548072457036693,0.023687877380399444,0.004644681839294009,0.006967022758941012,0.006502554575011612,0.019972131908964234,0.07013469577333953,0.24709707385044125,0.15002322340919647,0.07756618671620993,0.03855085926614027,0.05062703204830469,0.034370645610775664,0.02740362285183465,0.011611704598235021,0.03994426381792847,0.008824895494658615,0.018578727357176035,0.02090106827682304,0.010218300046446818,0.0,0.008360427310729215,0.9223214285714286
371000000000.0,1062,0.2222222222222222,0.6629001883239172,0.0,0.11487758945386065,0.0,0.0,0.0,371000000000.0,0.06120527306967985,0.01977401129943503,0.031073446327683617,0.026365348399246705,0.04143126177024482,0.023540489642184557,0.011299435028248588,0.12617702448210924,0.1393596986817326,0.09698681732580038,0.10828625235404897,0.0903954802259887,0.060263653483992465,0.044256120527306965,0.021657250470809793,0.017890772128060263,0.017890772128060263,0.021657250470809793,0.0,0.014124293785310734,0.0,0.01224105461393597,0.014124293785310734,2.3501577287066246
371000000000.0,284,0.1056338028169014,0.6514084507042254,0.0,0.0,0.0,0.24295774647887325,0.0,371000000000.0,0.13380281690140844,0.13028169014084506,0.09154929577464789,0.0,0.02112676056338028,0.045774647887323945,0.0,0.045774647887323945,0.05985915492957746,0.10915492957746478,0.13380281690140844,0.03169014084507042,0.0,0.07394366197183098,0.06338028169014084,0.035211267605633804,0.0,0.0,0.01056338028169014,0.014084507042253521,0.0,0.0,0.0,1.2903225806451615
